match_id,start_time_normalized,month,y,market_prob,exp039_prob,hybrid_prob,market_loss,hybrid_loss,exp039_loss,diff_market_minus_hybrid,diff_market_minus_exp039
144703,2026-07-28T19:00:00+00:00,2026-07,0,0.3983113069739445,0.3576602811442096,0.3725733065949991,0.5080150886457838,0.46612843805952925,0.44263795815017565,0.04188665058625457,0.06537713049560817
104263,2026-07-12T22:00:00+00:00,2026-07,0,0.43044370703968,0.8935795357270778,0.6069026973560223,0.5628976546930947,0.9336981083331997,2.240357387176163,-0.37080045364010494,-1.6774597324830682
144679,2026-07-24T08:00:00+00:00,2026-07,1,0.7068181818181818,0.736155714820076,0.7334442190539805,0.34698181473307277,0.3100037319337043,0.3063136135818195,0.036978082799368484,0.04066820115125325
144688,2026-07-28T17:30:00+00:00,2026-07,1,0.7001366822716272,0.6597689479272073,0.6986524770413309,0.35647970261152195,0.35860183199380397,0.4158655841517591,-0.002122129382282012,-0.05938588154023716
144687,2026-07-29T15:00:00+00:00,2026-07,0,0.098992800283841,0.0596634203448917,0.07514684122704375,0.10424203059977756,0.0781203013438735,0.06151740434462975,0.026121729255904058,0.04272462625514781
144657,2026-07-29T05:00:00+00:00,2026-07,1,0.6065678134776173,0.4334464466753094,0.5402485856017128,0.49993874567346896,0.6157259016425987,0.8359870274740521,-0.1157871559691297,-0.3360482818005831
144704,2026-07-28T20:00:00+00:00,2026-07,1,0.8066646096009372,0.8462219129266275,0.837209507656453,0.21484729858424892,0.17768093198116366,0.16697364534884387,0.037166366603085255,0.047873653235405045
103161,2026-07-07T03:00:00+00:00,2026-07,1,0.9187110387364577,0.881262141969308,0.920747575157651,0.08478363617174618,0.08256935721171875,0.12640014682937556,0.0022142789600274326,-0.04161651065762938
144701,2026-07-28T17:00:00+00:00,2026-07,0,0.3765174839267753,0.2973088200965608,0.3337829235378715,0.47243455583785726,0.40613972091503026,0.3528377725869094,0.066294834922827,0.11959678325094786
144700,2026-07-28T16:00:00+00:00,2026-07,1,0.3225107030103779,0.280667508448641,0.2921243952025054,1.1316189556679284,1.2305755564632799,1.270584554189231,-0.09895660079535151,-0.13896559852130275
66765,2026-06-14T16:00:00+00:00,2026-06,0,0.5733394001812201,0.5610584223376825,0.5743090048110259,0.8517664300124119,0.8540415593222526,0.8233889552588206,-0.00227512930984064,0.028377474753591314
144705,2026-07-29T16:00:00+00:00,2026-07,0,0.5910861863188704,0.6538422777458012,0.6253197333568631,0.8942508696408772,0.9816822389858159,1.0608607631247144,-0.08743136934493867,-0.16660989348383726
104264,2026-07-12T22:00:00+00:00,2026-07,0,0.3391511220815311,0.3518512750523582,0.33169804296014166,0.414230091716558,0.4030151760841567,0.4336350951560378,0.01121491563240129,-0.019405003439479818
26,2026-06-04T15:00:00+00:00,2026-06,0,0.5920206213539546,0.5645962249875032,0.5879858459002287,0.8965386483894947,0.8866975756116214,0.8314814600022415,0.009841072777873272,0.06505718838725316
62564,2026-06-13T11:00:00+00:00,2026-06,1,0.8900862068965517,0.8680248604241226,0.8982082062467698,0.11643695926522252,0.10735338204561969,0.14153492369031775,0.009083577219602831,-0.025097964425095237
76,2026-05-31T16:00:00+00:00,2026-05,0,0.3357142857142857,0.2962713278360535,0.3068489280484707,0.40904292945604825,0.366507306506083,0.3513624059712075,0.04253562294996527,0.05768052348484076
60,2026-06-01T20:00:00+00:00,2026-06,1,0.5231607629427794,0.4544945006771778,0.49517675302523767,0.6478664760267886,0.7028405033315398,0.7885694651579866,-0.054974027304751205,-0.14070298913119805
144664,2026-07-27T09:00:00+00:00,2026-07,1,0.6764633136879706,0.8680410916706403,0.7593582343520535,0.390877062423485,0.27528163091646923,0.14151622480794118,0.11559543150701579,0.24936083761554384
144683,2026-07-27T22:00:00+00:00,2026-07,1,0.7306875061077889,0.8105897640576875,0.7760318814928984,0.31376939885613764,0.25356167524479417,0.20999319247968912,0.06020772361134347,0.10377620637644852
144666,2026-07-27T07:30:00+00:00,2026-07,0,0.2880027917291554,0.0845349675430811,0.2041548982467265,0.33968128854576324,0.22835070786131575,0.08832311061950081,0.11133058068444748,0.2513581779262624
144690,2026-07-29T17:30:00+00:00,2026-07,1,0.9142942801098718,0.9488655060658796,0.9354335575223194,0.08960278986340245,0.06674515928325814,0.052488212158698457,0.02285763058014431,0.03711457770470399
144682,2026-07-27T21:00:00+00:00,2026-07,1,0.6328261273641341,0.6987548038894271,0.6707236965244827,0.4575595748789314,0.3993980054666032,0.35845537956053636,0.058161569412328196,0.09910419531839504
144691,2026-07-29T15:00:00+00:00,2026-07,1,0.8850619568781538,0.9182708921356024,0.9090643269436404,0.12209762865271202,0.09533942059382818,0.08526284241964778,0.026758208058883848,0.03683478623306424
144665,2026-07-27T08:15:00+00:00,2026-07,0,0.2450122406810135,0.060981086911046,0.17036785046396757,0.28105374268707595,0.18677286976076587,0.06291965824194085,0.09428087292631007,0.2181340844451351
144667,2026-07-27T06:00:00+00:00,2026-07,0,0.4035583542832696,0.1496104067681096,0.2981131513775,0.5167738700305725,0.35398307224634395,0.1620606895270548,0.16279079778422856,0.35471318050351774
144663,2026-07-27T09:45:00+00:00,2026-07,0,0.7152651995678552,0.834193435848696,0.7739146017649003,1.2561970567199403,1.4868424827871956,1.7969334462847573,-0.23064542606725524,-0.540736389564817
104267,2026-07-11T22:00:00+00:00,2026-07,0,0.2018235911019421,0.0749306518423319,0.14568312758027196,0.2254256421812983,0.15745310902576368,0.07788657329863266,0.06797253315553461,0.14753906888266563
144675,2026-07-27T23:00:00+00:00,2026-07,1,0.8946542757072908,0.9011298410535886,0.9107368165981917,0.11131791946014544,0.09350131852275424,0.10410592403868439,0.017816600937391194,0.0072119954214610454
144685,2026-07-28T00:00:00+00:00,2026-07,1,0.7359667327622962,0.7890745786745759,0.7719521673625086,0.30657036132604193,0.2588326902519111,0.23689443956833298,0.04773767107413085,0.06967592175770895
144662,2026-07-27T10:30:00+00:00,2026-07,1,0.6571723351774889,0.7845273580827516,0.7191135442161236,0.41980898868756117,0.3297360140960877,0.24267383414400223,0.09007297459147345,0.17713515454355894
100727,2026-07-05T22:00:00+00:00,2026-07,1,0.7351014489333879,0.6624325614963312,0.7224770857811644,0.30774676353426766,0.32506957468026615,0.41183652027091927,-0.017322811145998485,-0.1040897567366516
94,2026-05-31T22:02:00+00:00,2026-05,0,0.450402144772118,0.5810623992083297,0.5030515219251749,0.5985684405054075,0.6992689241046057,0.8700332942751897,-0.10070048359919825,-0.27146485376978224
112293,2026-07-10T23:00:00+00:00,2026-07,1,0.6592783009241322,0.6609111188868786,0.6725654210496994,0.4166095256991622,0.3966558918662711,0.41413591279057127,0.019953633832891116,0.0024736129085909386
104272,2026-07-09T23:00:00+00:00,2026-07,0,0.1910834469139581,0.1553003212476965,0.16181279673874888,0.21205951546870663,0.17651381053534781,0.16877412455856833,0.03554570493335882,0.043285390910138305
144752,2026-07-28T10:30:00+00:00,2026-07,1,0.2865971238064261,0.306397194916372,0.2789610622089,1.2496777992056725,1.276683068875719,1.182872996130284,-0.02700526967004646,0.0668048030753885
63448,2026-06-14T20:00:00+00:00,2026-06,0,0.4551226000621677,0.5102996738566996,0.47533543883952806,0.6071944638674034,0.6449961517168998,0.7139616542677559,-0.037801687849496446,-0.10676719040035254
144753,2026-07-28T08:00:00+00:00,2026-07,1,0.2763594550535631,0.3760563169666529,0.3010321686650552,1.2860528872350927,1.2005381473023558,0.9780163676413919,0.08551473993273695,0.3080365195937008
144765,2026-07-29T00:00:00+00:00,2026-07,1,0.2735150019167298,0.176778800429771,0.22242295834633388,1.2963988070092962,1.503174491959034,1.7328560430394526,-0.20677568494973775,-0.4364572360301564
85789,2026-06-29T08:00:00+00:00,2026-06,1,0.8076600065046394,0.6014014357518511,0.7440003488442184,0.21361409304439516,0.29571377527251747,0.5084926210812878,-0.0820996822281223,-0.29487852803689263
144661,2026-07-27T11:15:00+00:00,2026-07,1,0.7516757930550311,0.5705913823987095,0.6943576276399711,0.2854501742505492,0.36476813760152715,0.5610819430179593,-0.07931796335097796,-0.27563176876741013
144681,2026-07-27T20:00:00+00:00,2026-07,0,0.2201415412981218,0.1759209242596205,0.18744347686949578,0.24864283896765893,0.20756980026805982,0.1934887879727349,0.04107303869959911,0.05515405099492404
144689,2026-07-28T15:00:00+00:00,2026-07,1,0.9159787241558988,0.9584223357830212,0.9385912766120377,0.08776214148179615,0.06337516970716,0.042466746609731015,0.02438697177463614,0.04529539487206513
144684,2026-07-27T23:00:00+00:00,2026-07,1,0.788758581235698,0.7869729233797087,0.8055185458808474,0.2372949856477685,0.2162690525695153,0.23956143601084,0.02102593307825318,-0.0022664503630715205
144716,2026-07-29T21:00:00+00:00,2026-07,0,0.5057718295790888,0.4730090431395464,0.4919495971289586,0.704757984986398,0.6771746180753786,0.6405718902455866,0.02758336691101937,0.06418609474081138
144702,2026-07-28T18:00:00+00:00,2026-07,0,0.7016255765560498,0.7753167275971417,0.7446866446659837,1.2094061266452438,1.3652636437879528,1.4930635466969875,-0.155857517142709,-0.28365742005174366
104269,2026-07-11T19:00:00+00:00,2026-07,1,0.4508595013924559,0.7964005790384401,0.5892210293709715,0.7965995148600226,0.5289539036338237,0.22765297972249565,0.2676456112261989,0.5689465351375269
79,2026-06-01T09:00:00+00:00,2026-06,0,0.5299591404167141,0.5446619201617546,0.5389838055804093,0.7549356527730985,0.774322107709672,0.7867151033317232,-0.01938645493657354,-0.031779450558624744
254,2026-06-01T02:02:00+00:00,2026-06,1,0.4342105263157894,0.4794286211381439,0.44823972020169683,0.834225778819851,0.8024270999406855,0.735160256765315,0.03179867887916554,0.099065522054536
88240,2026-06-30T15:00:00+00:00,2026-06,0,0.3460147208496576,0.3332230179186098,0.32846321385492105,0.424670436722699,0.3981864824715543,0.405299648675246,0.026483954251144692,0.019370788047453014
112295,2026-07-10T20:00:00+00:00,2026-07,0,0.6007257383966245,0.6475370119630296,0.628967414239322,0.9181067257849702,0.9914653879927029,1.0428096607192194,-0.07335866220773268,-0.12470293493424922
114443,2026-07-11T08:00:00+00:00,2026-07,1,0.8795558714117359,0.7058324896728745,0.8339106354775117,0.12833819048711884,0.18162903407016595,0.3483773363934064,-0.053290843583047115,-0.22003914590628756
144766,2026-07-29T20:00:00+00:00,2026-07,1,0.3421630040108586,0.2670249407249947,0.2996136221165863,1.0724680355519345,1.2052615606938366,1.3204132139893827,-0.13279352514190212,-0.24794517843744823
144673,2026-07-27T06:45:00+00:00,2026-07,0,0.3836184574077099,0.0623741863285408,0.2607901830836193,0.48388911986462974,0.30217347828237534,0.06440432889219676,0.1817156415822544,0.41948479097243296
144656,2026-07-27T08:00:00+00:00,2026-07,0,0.358884892390047,0.2877184852254063,0.3185306288527565,0.4445462631286082,0.38350397214644166,0.33928205979520315,0.061042290982166514,0.10526420333340503
548,2026-06-05T16:00:00+00:00,2026-06,0,0.2285714285714285,0.1067356335625719,0.1715457965040699,0.25951119548508456,0.18819372005136692,0.11287269887470042,0.07131747543371764,0.14663849661038414
66965,2026-06-12T15:00:00+00:00,2026-06,1,0.7150470126992723,0.6498948884810838,0.7042566341480633,0.3354069864227449,0.3506124521094803,0.4309446391980326,-0.015205465686735364,-0.0955376527752877
62960,2026-06-14T06:00:00+00:00,2026-06,1,0.3013965814086833,0.3414131629400125,0.30283193217286447,1.1993283352273807,1.194577306661716,1.0746619135946573,0.004751028565664672,0.12466642163272335
91643,2026-07-04T08:00:00+00:00,2026-07,1,0.4335213846753228,0.4885506229323415,0.4517802900412101,0.8358141537006774,0.7945593013066446,0.7163121835289573,0.041254852394032704,0.11950197017172004
96583,2026-07-03T20:00:00+00:00,2026-07,0,0.4414893617021276,0.659439541479854,0.5303958357345574,0.5824816126724257,0.7558651428213615,1.077162611092034,-0.17338353014893582,-0.49468099841960833
66795,2026-06-15T08:00:00+00:00,2026-06,0,0.3232924549199288,0.3140314300565092,0.30588341780287515,0.3905160859907306,0.36511534670855994,0.3769234687147611,0.02540073928217068,0.013592617275969499
112294,2026-07-10T20:00:00+00:00,2026-07,0,0.8144510676944746,0.8443484702570766,0.8416722580963107,1.6844366457064466,1.8430880785316588,1.8601355540482223,-0.1586514328252122,-0.1756989083417757
144767,2026-07-29T21:00:00+00:00,2026-07,0,0.7164974245768948,0.8225249467913451,0.7708520528084443,1.2605340714707423,1.4733874264282225,1.728925225247436,-0.21285335495748026,-0.4683911537766938
144760,2026-07-28T21:00:00+00:00,2026-07,1,0.3125922802220884,0.2099090386162615,0.2592502025956599,1.1628555566864902,1.3499616504044936,1.5610809915473614,-0.18710609371800335,-0.39822543486087114
144769,2026-07-29T23:00:00+00:00,2026-07,0,0.1586705464499438,0.0463727288405325,0.11094974646065796,0.17277195546959812,0.1176015169001499,0.0474823849681122,0.05517043856944821,0.12528957050148593
144762,2026-07-28T23:00:00+00:00,2026-07,0,0.3930659983291562,0.2482760276233662,0.32557745743694066,0.49933522254763557,0.393898446751323,0.2853860804243733,0.10543677579631255,0.21394914212326227
144759,2026-07-28T20:00:00+00:00,2026-07,0,0.6693403435096249,0.8140389427532376,0.7373341381137529,1.1066656607200138,1.3368725416819074,1.6822179968308815,-0.23020688096189357,-0.5755523361108676
144708,2026-07-29T18:00:00+00:00,2026-07,1,0.8392238726046385,0.9230786527118716,0.8804967149724869,0.1752777754449798,0.12726908191883599,0.08004083390409768,0.048008693526143814,0.09523694154088212
144761,2026-07-28T22:00:00+00:00,2026-07,1,0.7241723638003341,0.7713673004571909,0.7579035886811989,0.3227258433835317,0.27719909314277524,0.25959062397271443,0.045526750240756475,0.06313521941081729
144707,2026-07-29T19:00:00+00:00,2026-07,1,0.4846122991289269,0.4724500230560967,0.47795174024908094,0.724406090961136,0.7382455134096753,0.7498233089523674,-0.013839422448539307,-0.025417217991231422
127489,2026-07-15T17:00:00+00:00,2026-07,1,0.5780375139977603,0.732440667993365,0.648311271912719,0.5481165093055634,0.43338434007478194,0.31137294069800137,0.1147321692307815,0.23674356860756207
144713,2026-07-30T00:00:00+00:00,2026-07,0,0.4545959181459032,0.4430279630811322,0.4456227383740849,0.6062283244510627,0.5899098463308265,0.5852402433332574,0.016318478120236124,0.020988081117805257
67693,2026-06-28T03:00:00+00:00,2026-06,0,0.0888075523483516,0.1269250156661219,0.08655551394596919,0.09300115523771825,0.09053267561382441,0.13573383412333812,0.002468479623893835,-0.042732678885619865
194,2026-05-31T22:06:00+00:00,2026-05,0,0.1115926327193932,0.0927710248847093,0.09166778167906225,0.11832489424455331,0.09614508809023807,0.09736040745862569,0.022179806154315237,0.02096448678592762
86511,2026-07-02T17:00:00+00:00,2026-07,1,0.5006703146374829,0.2478856313336227,0.39537374473720677,0.6918074491260475,0.9279237722277396,1.3947878031632932,-0.23611632310169206,-0.7029803540372457
86510,2026-07-02T16:00:00+00:00,2026-07,0,0.566262023200023,0.5053302107288014,0.5454022325836106,0.8353146672983885,0.7883422786703658,0.7038648313999906,0.046972388628022776,0.13144983589839798
112063,2026-07-09T18:00:00+00:00,2026-07,0,0.2660183735126373,0.1768280660285807,0.21756663080072058,0.30927128271449394,0.24534651137642607,0.19459018885859283,0.06392477133806787,0.11468109385590111
104274,2026-07-09T20:00:00+00:00,2026-07,1,0.7195145169875176,0.8428796253502179,0.7794925504578124,0.3291785763641397,0.24911214735125234,0.17093112435506191,0.08006642901288738,0.1582474520090778
144715,2026-07-29T17:00:00+00:00,2026-07,0,0.562241860632869,0.4973101880205841,0.5392804230560154,0.8260887143462461,0.7749657140338713,0.6877819750904979,0.05112300031237482,0.1383067392557482
144706,2026-07-29T20:00:00+00:00,2026-07,1,0.7826141693015007,0.8873602318772655,0.8340479637719693,0.2451154639499705,0.1814643677591079,0.11950425524337868,0.0636510961908626,0.12561120870659181
144771,2026-07-29T14:30:00+00:00,2026-07,1,0.1874868395599819,0.267079297447922,0.19909500630070376,1.6740466250484654,1.613973149589142,1.320209670488957,0.06007347545932329,0.35383695455950837
144772,2026-07-29T17:30:00+00:00,2026-07,1,0.7386291043517917,0.4427476684735557,0.6301225800222876,0.3029593725853614,0.4618409070591824,0.814755268344227,-0.15888153447382103,-0.5117958957588655
104271,2026-07-09T23:00:00+00:00,2026-07,0,0.3482587064676616,0.5708530093731986,0.4322496960743235,0.42810758485792416,0.5660735626805816,0.8459557832465464,-0.13796597782265746,-0.41784819838862225
86512,2026-07-02T18:00:00+00:00,2026-07,1,0.1277389294124404,0.0986481495487444,0.10375788371852762,2.0577667118730085,2.2656951351097856,2.316195804431515,-0.20792842323677707,-0.25842909255850666
144733,2026-07-28T17:00:00+00:00,2026-07,1,0.5844281069640831,0.7544055935890589,0.6607986148610223,0.5371215048410536,0.4143061529321929,0.2818251330707342,0.12281535190886067,0.2552963717703194
144734,2026-07-28T18:00:00+00:00,2026-07,0,0.3493851397077203,0.4640971859062257,0.3864080430502925,0.4298374242995245,0.4884251369848387,0.6238024513404747,-0.05858771268531421,-0.19396502704095026
104270,2026-07-11T19:00:00+00:00,2026-07,0,0.2723318246272959,0.1058381881984157,0.19973783793941494,0.3179101377547141,0.2228159024212398,0.11186852264577958,0.0950942353334743,0.20604161510893454
92139,2026-07-01T19:00:00+00:00,2026-07,0,0.3680765260678286,0.202753677507203,0.2927905780330282,0.4589869777170884,0.3464284448303545,0.22659158584290726,0.1125585328867339,0.23239539187418115
237,2026-06-01T01:34:00+00:00,2026-06,1,0.5657894736842105,0.4525297081064698,0.522029997213582,0.5695332245927687,0.6500302268241991,0.7929018647232717,-0.08049700223143041,-0.22336864013050306
104278,2026-07-08T20:00:00+00:00,2026-07,0,0.4180225783040401,0.1284793213915405,0.3010100869894786,0.5413236263400576,0.3581189674525614,0.13751568669775113,0.1832046588874962,0.40380793964230643
91644,2026-07-04T03:00:00+00:00,2026-07,1,0.7412893916597109,0.4818181338157332,0.6488855102750921,0.2993641878768553,0.43249898727747643,0.7301885518680229,-0.13313479940062112,-0.4308243639911676
86360,2026-06-30T19:00:00+00:00,2026-06,0,0.2037211770950049,0.1387609487948076,0.16483670382011126,0.22780587444008116,0.18012800896419215,0.1493831694140974,0.04767786547588901,0.07842270502598375
144692,2026-07-29T17:00:00+00:00,2026-07,1,0.6640469390206358,0.7680152059629703,0.7175945955771666,0.40940244070807685,0.33185049951289136,0.2639457465995201,0.07755194119518549,0.14545669410855677
104276,2026-07-08T23:00:00+00:00,2026-07,1,0.8251639525458698,0.9117810912441504,0.8684368201046955,0.1921731820330879,0.1410604419405377,0.09235534925052097,0.05111274009255018,0.09981783278256692
45,2026-05-31T20:00:00+00:00,2026-05,1,0.5102628978650778,0.2732406313825626,0.4112761118104288,0.6728292000710806,0.8884904851542386,1.2974024383959255,-0.21566128508315796,-0.6245732383248449
72,2026-05-31T10:00:00+00:00,2026-05,0,0.1744003634993119,0.1447492002514918,0.14763415867602095,0.19164532453995492,0.15973945308952453,0.1563605200199106,0.03190587145043039,0.035284804520044316
144776,2026-07-29T13:00:00+00:00,2026-07,0,0.1952054794520547,0.3071245423609658,0.21984808543448378,0.21716828812412264,0.24826661599872465,0.36690501074946325,-0.03109832787460201,-0.1497367226253406
144749,2026-07-27T16:00:00+00:00,2026-07,1,0.8573351278600269,0.9413581391859474,0.8967039372720206,0.1539263891455959,0.10902953018731504,0.060431617557886,0.044896858958280855,0.09349477158770989
104277,2026-07-08T20:00:00+00:00,2026-07,1,0.7405063291139241,0.5809895632516947,0.6915878462399908,0.3004210982292106,0.36876509872245483,0.5430224857137822,-0.06834400049324424,-0.2426013874845716
28,2026-05-31T12:00:00+00:00,2026-05,1,0.8780258519388955,0.8949063342014383,0.8982033481997276,0.13007924165874118,0.10735879065817307,0.11103622070748108,0.022720451000568118,0.019043020951260106
398,2026-06-02T18:00:00+00:00,2026-06,0,0.6963470319634703,0.4308581259823463,0.5974844087404442,1.1918697821546922,0.9100214468251544,0.5636255367130739,0.2818483353295378,0.6282442454416183
100950,2026-07-15T09:00:00+00:00,2026-07,1,0.8376971489382071,0.6573828165236423,0.787081717982673,0.17709864126829014,0.23942320116145335,0.41948875663388163,-0.06232455989316321,-0.2423901153655915
104266,2026-07-12T19:00:00+00:00,2026-07,0,0.1727447179082421,0.1205319073729898,0.1392233809462023,0.1896419470793039,0.1499202518233894,0.12843799445408355,0.03972169525591451,0.061203952625220354
140787,2026-07-21T19:00:00+00:00,2026-07,1,0.6519555609372162,0.8191236311703064,0.7277567406272915,0.42777887745010534,0.31778843411514734,0.1995202527115496,0.109990443334958,0.22825862473855574
107202,2026-07-07T18:00:00+00:00,2026-07,0,0.2611354109847461,0.1611798262123371,0.2092393710458191,0.30264061025627226,0.23475997527535908,0.175758929471457,0.06788063498091318,0.12688168078481527
100728,2026-07-05T19:00:00+00:00,2026-07,1,0.2350683747752417,0.1890049599417756,0.20157065076161731,1.4478788506672189,1.601615334922541,1.6659820211886605,-0.15373648425532216,-0.21810317052144157
103369,2026-07-08T08:00:00+00:00,2026-07,1,0.6383952416770482,0.4742031776492305,0.5786764299149237,0.4487976863877113,0.547011800599487,0.7461194042994113,-0.09821411421177567,-0.2973217179117
94266,2026-07-02T20:00:00+00:00,2026-07,1,0.6517412935323382,0.6883656005414924,0.6788548979525268,0.42810758485792433,0.3873478738885501,0.3734351860538309,0.04075971096937425,0.054672398804093414
104273,2026-07-09T20:00:00+00:00,2026-07,0,0.4454850041070502,0.363196692856309,0.405552500444156,0.589661428566505,0.5201228770017735,0.4512944510865377,0.06953855156473154,0.13836697747996735
100951,2026-07-15T09:00:00+00:00,2026-07,1,0.8877987544170095,0.8482211438323985,0.8905825573121895,0.11901018958272513,0.11587947160837186,0.1646138943669386,0.00313071797435327,-0.04560370478421347
109054,2026-07-10T08:00:00+00:00,2026-07,0,0.7607277813098893,0.8264535906220293,0.8009127035179292,1.4301533848728103,1.6140118746584384,1.7513102261538778,-0.18385848978562813,-0.3211568412810675
96983,2026-07-04T19:00:00+00:00,2026-07,1,0.6517412935323382,0.7778222553703139,0.7131700369261101,0.42810758485792433,0.3380354060376192,0.2512572444398152,0.0900721788203051,0.17685034041810915
100082,2026-07-09T19:00:00+00:00,2026-07,1,0.3349734157660987,0.3424042802273946,0.325066184939531,1.093704106228012,1.1237264714176372,1.071763134128563,-0.0300223651896252,0.021940972099449008
94451,2026-07-02T23:00:00+00:00,2026-07,0,0.7808988764044944,0.861609177522095,0.8252801573868325,1.5182219041624387,1.7445714872206024,1.9776735495731084,-0.22634958305816366,-0.45945164541066963
87656,2026-06-30T08:00:00+00:00,2026-06,0,0.7464454158835818,0.8194910642787068,0.789298992630382,1.3721761571710878,1.5573151771221128,1.7119749970534264,-0.185139019951025,-0.3397988398823386
144768,2026-07-29T22:00:00+00:00,2026-07,1,0.6405445399186254,0.7346767460348861,0.6897996116896903,0.44543662076781515,0.37135414141128836,0.3083246778233436,0.07408247935652679,0.13711194294447154
107345,2026-07-08T15:00:00+00:00,2026-07,0,0.4078675151354456,0.6658347435932989,0.511173572222491,0.5240248771348893,0.7157478059383684,1.096119628707751,-0.19172292880347908,-0.5720947515728617
96984,2026-07-04T19:00:00+00:00,2026-07,0,0.1461389961389961,0.0311756999096346,0.09969635920109428,0.15798685738520188,0.1050231938917601,0.03167200438816075,0.05296366349344178,0.12631485299704112
91808,2026-07-01T20:00:00+00:00,2026-07,1,0.5367847411444142,0.798628335254329,0.64585334513873,0.6221581193165817,0.4371828208815421,0.22485960382251646,0.18497529843503963,0.39729851549406525
96187,2026-07-03T23:00:00+00:00,2026-07,1,0.5786666666666666,0.5491019801455386,0.572576613776502,0.5470286724299515,0.5576087293168701,0.5994710985381985,-0.010580056886918654,-0.05244242610824701
132276,2026-07-19T02:00:00+00:00,2026-07,0,0.4164527635895603,0.1273107400598659,0.2996400696181456,0.5386298769580717,0.3561608898273979,0.13617573159178029,0.18246898713067383,0.4024541453662914
112958,2026-07-11T23:00:00+00:00,2026-07,1,0.8613053673294636,0.8600903388352678,0.8770766179433251,0.14930617154560658,0.1311609267505384,0.15071785009415173,0.018145244795068183,-0.0014116785485451533
96982,2026-07-04T22:00:00+00:00,2026-07,1,0.3915929637218653,0.583028931453396,0.46567289445796173,0.937532336511046,0.7642718345572425,0.539518468728461,0.1732605019538035,0.39801386778258496
95841,2026-07-04T08:00:00+00:00,2026-07,1,0.5049761620026479,0.8224319347992992,0.6333320730026641,0.6832440547760715,0.45676039249348843,0.19548955381032007,0.2264836622825831,0.48775450096575146
94267,2026-07-02T20:00:00+00:00,2026-07,0,0.3482587064676616,0.1718377386359141,0.26936154283024855,0.42810758485792416,0.3138365282157581,0.18854617596504292,0.11427105664216608,0.23956140889288124
95989,2026-07-06T03:00:00+00:00,2026-07,1,0.1005264962999187,0.3794544763187407,0.18817755863645036,2.297333941455873,1.670369301042514,0.9690206463412345,0.6269646404133589,1.3283132951146384
98398,2026-07-06T08:00:00+00:00,2026-07,1,0.9112478420609976,0.8258841388083431,0.8985613571783317,0.0929403637707177,0.10696028663338854,0.19130078308611453,-0.014019922862670842,-0.09836041931539684
86508,2026-07-02T15:00:00+00:00,2026-07,0,0.4094447506200054,0.8765505666246023,0.5883408027771586,0.5266920839958854,0.8875594631507369,2.0919236531132057,-0.36086737915485145,-1.5652315691173202
103592,2026-07-08T08:00:00+00:00,2026-07,1,0.1845004214742589,0.4753500971408108,0.2841458557233484,1.690103531090837,1.2582675961655372,0.7437036998207268,0.4318359349252998,0.9463998312701102
104265,2026-07-12T19:00:00+00:00,2026-07,0,0.2010960257010083,0.2310889677054505,0.19441971374502157,0.22451452279254328,0.21619240876228285,0.26278000889431574,0.008322114030260425,-0.03826548610177247
94450,2026-07-02T23:00:00+00:00,2026-07,1,0.2882882882882883,0.4177325342138974,0.3265779459620983,1.2437942985126076,1.1190866268675337,0.8729139215634333,0.1247076716450739,0.3708803769491743
96981,2026-07-04T22:00:00+00:00,2026-07,0,0.2414780414816229,0.2670081838229188,0.23416195651581964,0.27638353068724225,0.266784563079126,0.3106207419912627,0.009598967608116238,-0.034237211304020465
104275,2026-07-08T23:00:00+00:00,2026-07,1,0.292488268945668,0.2147212535962214,0.24789697350216194,1.2293307192831562,1.3947420485586315,1.5384145869324173,-0.1654113292754753,-0.3090838676492611
66797,2026-06-05T20:00:00+00:00,2026-06,1,0.7542614524702939,0.7651083871315942,0.7751648015689454,0.28201621714005237,0.25467962504926217,0.26773777266666243,0.0273365920907902,0.01427844447338994
101172,2026-07-05T19:00:00+00:00,2026-07,0,0.2484599589322381,0.1240175128807582,0.18946532082414413,0.28563078968122335,0.21006115133637368,0.13240918011859745,0.07556963834484967,0.1532216095626259
2994,2026-06-07T08:00:00+00:00,2026-06,1,0.4981686604637425,0.3677936475262543,0.44172638064502295,0.6968165836651248,0.8170646369083886,1.0002332385046973,-0.12024805324326382,-0.3034166548395725
117824,2026-07-13T16:00:00+00:00,2026-07,1,0.7050614882509109,0.7299614875339158,0.7299220559879396,0.3494702625959042,0.31481752315956296,0.31476350303424444,0.03465273943634123,0.03470675956165975
62681,2026-06-13T15:00:00+00:00,2026-06,0,0.1796418148663131,0.1662737922302934,0.15792789997769194,0.19801422295940838,0.17188963892562917,0.1818502185676226,0.026124584033779208,0.01616400439178578
101171,2026-07-05T22:00:00+00:00,2026-07,0,0.4498644986449864,0.242082040023447,0.3601808111738173,0.5975906649987399,0.44656966000308446,0.27718013141820125,0.15102100499565546,0.32041053358053867
85788,2026-06-29T03:00:00+00:00,2026-06,1,0.8400320242509733,0.5493359769203033,0.7425659120133365,0.17431526376318152,0.2976436418568081,0.599045044837488,-0.12332837809362657,-0.4247297810743065
98814,2026-07-07T17:00:00+00:00,2026-07,1,0.78125,0.8378985798677557,0.8180122621827519,0.24686007793152578,0.20087795204828357,0.1768582122351337,0.045982125883242214,0.07000186569639208
14,2026-05-29T05:00:00+00:00,2026-05,0,0.5454545454545455,0.4270596244241303,0.4977613082145339,0.7884573603642703,0.6886797906516302,0.5569736242682745,0.09977756971264007,0.23148373609599582
3,2026-05-29T08:00:00+00:00,2026-05,1,0.7692307692307692,0.7210970643619875,0.7681957180024697,0.2623642644674911,0.26371073715190574,0.3269815261230594,-0.0013464726844146235,-0.0646172616555683
93922,2026-07-02T17:00:00+00:00,2026-07,1,0.66303261827799,0.7291660181496623,0.7022963454362318,0.4109310920004387,0.3533998195381888,0.3158538388136216,0.05753127246224993,0.09507725318681709
413,2026-06-01T18:00:00+00:00,2026-06,1,0.7771535580524345,0.8411348015317925,0.8163965107780552,0.25211731872949655,0.2028551219678108,0.17300334465786074,0.04926219676168575,0.07911397407163581
98817,2026-07-08T18:00:00+00:00,2026-07,0,0.2505101129312351,0.118982819196974,0.18931766085085852,0.28836245443409714,0.20987899191906575,0.12667815175707822,0.07848346251503138,0.16168430267701892
63219,2026-06-14T08:00:00+00:00,2026-06,1,0.7117117117117118,0.6230680424418512,0.6908441158025993,0.3400823488453126,0.36984107284568807,0.4730995487558198,-0.02975872400037549,-0.1330171999105072
118804,2026-07-20T09:45:00+00:00,2026-07,0,0.4168051057327657,0.2783036944997507,0.35249421198531095,0.5392338530118235,0.43462754642957224,0.32615085807975414,0.10460630658225123,0.21308299493206934
122824,2026-07-14T15:00:00+00:00,2026-07,0,0.3999334591229365,0.4594053831185226,0.41721855047296436,0.5107147284533305,0.5399430350801,0.6150856028632903,-0.02922830662676945,-0.10437087440995974
3765,2026-06-07T15:00:00+00:00,2026-06,1,0.7036390245041176,0.7228260252787319,0.7262340446219235,0.35148980360888576,0.31988294059687,0.3245867147159072,0.03160686301201576,0.026903088892978544
15,2026-05-29T05:00:00+00:00,2026-05,0,0.2153284671532846,0.0877437706646903,0.15775782277031122,0.2424900782604073,0.17168768468198736,0.09183437514922907,0.07080239357841994,0.15065570311117824
86507,2026-07-01T18:00:00+00:00,2026-07,0,0.2451986231767315,0.1105975141724676,0.18344688739720177,0.28130064139922467,0.20266331957172837,0.11720540596056844,0.0786373218274963,0.16409523543865623
122826,2026-07-15T17:30:00+00:00,2026-07,1,0.5392195651220176,0.674153469794815,0.5999560263342791,0.6176324345786587,0.5108989158946612,0.3942974939972315,0.1067335186839975,0.22333494058142717
135172,2026-07-19T06:00:00+00:00,2026-07,0,0.4056666859932749,0.4851226459404745,0.4321755839499163,0.5203149823052363,0.5659430347228722,0.6638265541372416,-0.0456280524176359,-0.14351157183200525
66814,2026-06-06T09:00:00+00:00,2026-06,1,0.4479605388231311,0.5199647737967508,0.47490632772086067,0.8030501334307681,0.744637699193107,0.6539942123998604,0.05841243423766118,0.1490559210309077
122828,2026-07-16T15:00:00+00:00,2026-07,0,0.0897808972848377,0.0639633340192637,0.07017306703843272,0.09406993623775514,0.0727568037421086,0.06610063021544692,0.021313132495646536,0.027969306022308224
132407,2026-07-19T02:00:00+00:00,2026-07,0,0.1987191071631299,0.2523718590879678,0.20079369253319612,0.22154371568786713,0.22413615945320617,0.29084956243977417,-0.002592443765339042,-0.06930584675190704
98816,2026-07-07T19:00:00+00:00,2026-07,1,0.718066153813854,0.7386876728834939,0.7417232910550875,0.33119357794720033,0.29877902847422183,0.3028800821682547,0.032414549472978504,0.028313495778945652
107658,2026-07-09T17:00:00+00:00,2026-07,0,0.362829662532812,0.2478207452207628,0.3057529759991809,0.45071825339955374,0.36492743944349515,0.2847806127210119,0.08579081395605859,0.16593764067854183
118801,2026-07-12T07:30:00+00:00,2026-07,0,0.5538982902888578,0.6036034722718295,0.5799958851734178,0.8072083042815296,0.8674907705465673,0.9253402360798796,-0.06028246626503775,-0.11813193179835002
96985,2026-07-03T23:00:00+00:00,2026-07,0,0.6155844155844156,0.76671872516662,0.6856176139147933,0.9560310605236692,1.1571452438984973,1.4555103653560453,-0.20111418337482811,-0.4994793048323761
62962,2026-06-13T15:00:00+00:00,2026-06,0,0.7095667095667096,0.6059352881775656,0.682175372616109,1.2363813661234824,1.146255534540594,0.9312401399664934,0.09012583158288834,0.305141226156989
6435,2026-06-08T15:00:00+00:00,2026-06,0,0.8292855199797649,0.928904070695784,0.8754908783896485,1.767762825478641,2.0833762998145944,2.643725196917223,-0.3156134743359533,-0.8759623714385818
62679,2026-06-13T15:00:00+00:00,2026-06,1,0.7030038351033364,0.6417547943079316,0.6930372165448415,0.35239293184732484,0.3666715777063068,0.4435489885802861,-0.014278645858981975,-0.09115605673296123
86356,2026-06-30T17:00:00+00:00,2026-06,0,0.8489913645150917,0.9038076794484096,0.8817872383543188,1.890418255160644,2.135269213292581,2.3414057524429417,-0.2448509581319369,-0.4509874972822976
6440,2026-06-08T15:00:00+00:00,2026-06,1,0.6624160129454393,0.5461152968955234,0.625713678433807,0.4118615020706691,0.4688623952070074,0.6049251590544164,-0.05700089313633827,-0.19306365698374722
86506,2026-07-01T17:00:00+00:00,2026-07,0,0.8010386663175351,0.5831553094756083,0.7318670335453652,1.6146447762401295,1.3162722780223224,0.8750415713437524,0.2983724982178071,0.7396032048963771
123069,2026-07-15T15:00:00+00:00,2026-07,0,0.1212467321719386,0.073479719255962,0.09294567680879726,0.1292511171409206,0.09755293739569831,0.07631934386430785,0.031698179745222294,0.05293177327661276
137662,2026-07-19T08:00:00+00:00,2026-07,1,0.899,0.1134153909788631,0.6092237780946962,0.10647224451051676,0.49556962705065943,2.176698173980343,-0.3890973825401427,-2.070225929469826
634,2026-06-07T09:00:00+00:00,2026-06,0,0.2398950153643398,0.2458569090112038,0.22510962601812917,0.2742987175633905,0.255033712560817,0.2821731531321294,0.0192650050025735,-0.007874435568738847
3375,2026-06-08T09:00:00+00:00,2026-06,0,0.2172037815011067,0.2142886153204667,0.19880738727646402,0.24488287420911792,0.22165389549816295,0.2411657490497529,0.023228978710954973,0.003717125159365009
6439,2026-06-08T15:00:00+00:00,2026-06,1,0.8348152752628308,0.7551392185610649,0.8238245660130766,0.18054480583577762,0.19379767706415738,0.2808531512867437,-0.013252871228379759,-0.10030834545096609
86505,2026-07-01T16:00:00+00:00,2026-07,1,0.6670450179862396,0.715556519079198,0.6996097740252829,0.40489774211133606,0.35723256505866247,0.3346946906816118,0.04766517705267359,0.07020305142972427
117826,2026-07-13T18:00:00+00:00,2026-07,0,0.2755808570958194,0.159725835608102,0.21815856641084783,0.3223851274465796,0.24610332934386486,0.17402705421632933,0.07628179810271474,0.14835807323025027
100080,2026-07-09T16:00:00+00:00,2026-07,1,0.4526329370734144,0.3088155578786721,0.3878546276848948,0.7926737754004481,0.9471246804807674,1.1750110803691816,-0.15445090508031922,-0.3823373049687334
95793,2026-07-05T03:00:00+00:00,2026-07,1,0.819050993443921,0.4710204456496678,0.6947125757692303,0.19960893401004076,0.3642570790011576,0.7528537768852145,-0.16464814499111685,-0.5532448428751737
117577,2026-07-14T23:00:00+00:00,2026-07,1,0.608242443412398,0.7980337625637521,0.6920927202998804,0.4971817208853641,0.3680353434675151,0.22560437345019482,0.129146377417849,0.27157734743516926
6436,2026-06-08T15:00:00+00:00,2026-06,1,0.6895413171515259,0.1422108984154235,0.48168577110964483,0.3717286601916461,0.7304633046868634,1.9504441230911287,-0.3587346444952173,-1.5787154628994826
117578,2026-07-14T23:00:00+00:00,2026-07,1,0.8728928906440333,0.9003743814482228,0.8963844020605949,0.1359424217991077,0.10938593785312706,0.1049446227663512,0.026556483945980647,0.0309977990327565
117568,2026-07-20T12:00:00+00:00,2026-07,1,0.6696739923769361,0.4643240685924044,0.594694772451438,0.40096426355676495,0.5197069925361736,0.7671725468496776,-0.11874272897940863,-0.36620828329291266
117579,2026-07-14T20:00:00+00:00,2026-07,0,0.2773996938235336,0.2084819273553039,0.2358691600102636,0.3248990365536767,0.26901624794727363,0.23380256651088807,0.055882788606403055,0.09109647004278862
117569,2026-07-20T09:00:00+00:00,2026-07,0,0.4710148305278048,0.8177559295315528,0.6096835075751457,0.636794882541032,0.9407973499238943,1.7024084437752025,-0.3040024673828623,-1.0656135612341706
117570,2026-07-20T07:30:00+00:00,2026-07,1,0.6131910358703045,0.5263775114816162,0.5851083130058168,0.48907875069814016,0.5359582984512137,0.6417366212331258,-0.046879547753073514,-0.15265787053498564
66764,2026-06-15T15:00:00+00:00,2026-06,0,0.6569137897553745,0.6887103996234555,0.6823558550498316,1.0697735215761954,1.146823563833088,1.1670316091708415,-0.07705004225689249,-0.09725808759464605
117572,2026-07-26T23:00:00+00:00,2026-07,1,0.5617700459006781,0.6169957443965692,0.5908113587624553,0.5766626838169738,0.5262585024392242,0.48289315235082836,0.0504041813777496,0.09376953146614547
96188,2026-07-03T20:00:00+00:00,2026-07,1,0.5512443989050255,0.8701780950589888,0.6786104064521346,0.5955770129892087,0.3877080915710834,0.13905738131876436,0.20786892141812535,0.4565196316704444
126788,2026-07-16T16:00:00+00:00,2026-07,1,0.6884361992308898,0.7463260970559843,0.7253654378301185,0.37333263143853196,0.32107969893961646,0.29259264686984376,0.052252932498915494,0.0807399845686882
62251,2026-06-13T16:00:00+00:00,2026-06,1,0.2930821262730833,0.3841785560977871,0.3153406767208664,1.2273024147928362,1.1541017111712149,0.9566478446306966,0.07320070362162134,0.27065457016213956
126791,2026-07-16T19:00:00+00:00,2026-07,1,0.5647157810672827,0.6869510053497524,0.6217182654681725,0.5714327167627431,0.4752682382636102,0.37549230611553996,0.0961644784991329,0.19594041064720313
126789,2026-07-16T17:00:00+00:00,2026-07,0,0.2819098675675014,0.2095944747826991,0.23919503132640074,0.3311601851766829,0.27337823691844537,0.2352091421664076,0.057781948258237514,0.0959510430102753
85527,2026-06-28T08:00:00+00:00,2026-06,0,0.12777816164253,0.1488417874338554,0.1186135441599245,0.13671148564171506,0.12625909333620838,0.1611572539798268,0.01045239230550668,-0.02444576833811174
126790,2026-07-16T18:00:00+00:00,2026-07,0,0.3197970488963361,0.1700285387995697,0.2502632602312992,0.38536406783617794,0.2880331477132215,0.18636396287850712,0.09733092012295641,0.19900010495767081
91809,2026-07-03T03:00:00+00:00,2026-07,1,0.9216997329894188,0.7969292800309554,0.8954527750885193,0.08153577767614974,0.1104257946748338,0.22698933683786607,-0.028890016998684057,-0.14545355916171632
98813,2026-07-07T16:00:00+00:00,2026-07,0,0.5627300884763036,0.6082263313148275,0.5877080848310412,0.8272046280443314,0.8860236485593879,0.9370709817404013,-0.0588190205150565,-0.1098663536960699
98820,2026-07-08T16:00:00+00:00,2026-07,0,0.6906343182434265,0.6193543897203848,0.6755726843561856,1.1732312656874977,1.1256937566982115,0.9658864934660812,0.047537508989286215,0.20734477222141645
109221,2026-07-09T08:00:00+00:00,2026-07,1,0.4017928580172625,0.49750639168279,0.4350744091601678,0.9118186017287607,0.8322382069811681,0.6981468748624214,0.0795803947475926,0.21367172686633928
138037,2026-07-20T20:00:00+00:00,2026-07,1,0.3869544544802277,0.3844065169510622,0.37645442460315515,0.9494482815597938,0.9769582892601775,0.9560546484629506,-0.0275100077003837,-0.006606366903156857
419,2026-06-02T14:00:00+00:00,2026-06,0,0.1242603550295858,0.1199074552866693,0.10752560575238526,0.13268644115895836,0.11375745565854542,0.1277282125923109,0.018928985500412943,0.00495822856664746
123314,2026-07-14T02:00:00+00:00,2026-07,0,0.1198717748141641,0.1506483353829302,0.11404500038778258,0.12768767168616985,0.12108912017233539,0.16328196804698877,0.006598551513834455,-0.03559429636081893
9,2026-05-29T06:00:00+00:00,2026-05,1,0.8909853249475891,0.917048258152445,0.9125986508593306,0.1154273219639244,0.09145908883823954,0.08659518198993629,0.023968233125684857,0.028832139973988105
123313,2026-07-13T23:00:00+00:00,2026-07,0,0.6061410465100101,0.3821843352988229,0.5179832387823231,0.9317624198425271,0.7297763912256161,0.48156514320049426,0.20198602861691095,0.4501972766420328
63857,2026-06-14T15:00:00+00:00,2026-06,1,0.8951741469274571,0.8971640673194553,0.909979574471878,0.11073700206246453,0.09433312535844722,0.10851652693808139,0.016403876704017314,0.002220475124383142
126033,2026-07-16T18:00:00+00:00,2026-07,1,0.2818032290178764,0.7033093749030245,0.444371034030648,1.266546221038577,0.8110954032900043,0.35195840587925237,0.45545081774857266,0.9145878151593245
98819,2026-07-08T17:00:00+00:00,2026-07,1,0.5067631576377292,0.416863612139454,0.46821230160670113,0.6797115292357904,0.7588334500143993,0.8749961798920777,-0.07912192077860891,-0.1952846506562873
61853,2026-06-12T18:00:00+00:00,2026-06,1,0.8852561936178628,0.6966026211415174,0.8339440883969239,0.12187819155273769,0.18158891916214923,0.36154015829315034,-0.05971072760941154,-0.23966196674041265
62,2026-06-03T15:00:00+00:00,2026-06,1,0.7586675020885547,0.8539078225794189,0.8084400330056806,0.2761916712334258,0.21264877339518673,0.15793202710875956,0.06354289783823908,0.11825964412466625
130,2026-06-01T15:00:00+00:00,2026-06,1,0.8019548311123861,0.7607358359328799,0.8045488243922452,0.22070299301041624,0.21747362527716893,0.27346910893522947,0.003229367733247307,-0.05276611592481323
123315,2026-07-13T23:00:00+00:00,2026-07,0,0.4872756270502218,0.2025784780176936,0.37020856101730143,0.6680168628988004,0.4623665636392646,0.22637185420309108,0.20565029925953576,0.4416450086957093
132667,2026-07-16T11:20:00+00:00,2026-07,0,0.3036529680365297,0.1604774972668602,0.23664840594028774,0.36190713376903444,0.27003654903912827,0.17492199790045204,0.09187058472990617,0.1869851358685824
140790,2026-07-21T16:00:00+00:00,2026-07,0,0.5788070175438595,0.6650035772478574,0.6219429230143199,0.8646641596964839,0.9727100974448826,1.0936354255658978,-0.10804593774839866,-0.22897126586941385
138039,2026-07-20T21:00:00+00:00,2026-07,1,0.6128668024227236,0.7462633640609846,0.6762216131372527,0.48960765471067963,0.39123442657902047,0.29267670614625013,0.09837322813165916,0.1969309485644295
60469,2026-06-11 20:55:13+00,2026-06,1,0.7591093117408907,0.6779389600256683,0.7444254624275919,0.27560949121751166,0.2951425494959774,0.3886980245553028,-0.019533058278465742,-0.11308853333779112
6434,2026-06-08T15:00:00+00:00,2026-06,1,0.8634501726256656,0.5259774264187851,0.7476019845348638,0.1468190870259866,0.2908845488632362,0.6424969827189664,-0.14406546183724964,-0.4956778956929798
6437,2026-06-08T15:00:00+00:00,2026-06,0,0.2509049853601602,0.149634678175599,0.1988961256734018,0.28888944818348516,0.22176465951436822,0.16208923144955775,0.06712478866911695,0.1268002167339274
132798,2026-07-16T13:50:00+00:00,2026-07,1,0.669173348841456,0.7085914120681089,0.6982529387236511,0.4017121360638116,0.359173865467317,0.3444762062006843,0.04253827059649462,0.05723592986312731
86359,2026-06-30T18:00:00+00:00,2026-06,1,0.3324639193183795,0.2266258798066634,0.27817801529540465,1.1012239381024074,1.2794940274342388,1.4844547277010298,-0.17827008933183142,-0.38323078959862245
98821,2026-07-08T15:00:00+00:00,2026-07,0,0.4285541709183575,0.2683317886635623,0.35627051826468814,0.5595855874985862,0.4404767005446723,0.3124281309772295,0.11910888695391392,0.24715745652135673
124034,2026-07-13T19:00:00+00:00,2026-07,0,0.1804950468423008,0.0860307655631793,0.13466573715603486,0.1990548366948597,0.14463941566201435,0.08995836844809736,0.05441542103284536,0.10909646824676235
135227,2026-07-24T14:00:00+00:00,2026-07,0,0.3217368406096079,0.3318452154373313,0.3121177036716394,0.3882199256550611,0.37413753660288346,0.40323541886973013,0.014082389052177624,-0.015015493214669051
140788,2026-07-21T18:00:00+00:00,2026-07,1,0.6124160963303055,0.589746457313877,0.612097532757325,0.4903433315298117,0.4908636419168911,0.5280625678105267,-0.0005203103870793924,-0.03771923628071505
119969,2026-07-20T08:15:00+00:00,2026-07,0,0.3428820324509883,0.3564716097870026,0.3360480721152207,0.41989172174645284,0.4095455298904344,0.4407891344840289,0.010346191856018427,-0.02089741273757606
104268,2026-07-11T22:00:00+00:00,2026-07,0,0.1203249268111633,0.0391850425448194,0.0845103433845525,0.12820267470660218,0.08829621300299834,0.03997344062815012,0.039906461703603846,0.08822923407845207
119968,2026-07-20T10:30:00+00:00,2026-07,1,0.4409027854664044,0.5054154208249219,0.4639560050524336,0.8189308689552703,0.7679655479486104,0.6823745723745694,0.05096532100665996,0.1365562965807009
119966,2026-07-20T11:15:00+00:00,2026-07,1,0.4574304081579199,0.8447535182281641,0.6097384288490314,0.7821305191529869,0.4947252189435279,0.16871038858059031,0.28740530020945904,0.6134201305723966
129811,2026-07-15T10:10:00+00:00,2026-07,0,0.8723105032305662,0.1177963004619283,0.5931421166475918,2.0581537685868025,0.89929133546972,0.1253322977833962,1.1588624331170827,1.9328214708034064
140789,2026-07-21T17:00:00+00:00,2026-07,1,0.6244862008220787,0.5327152169991874,0.5952174500216035,0.4708260460223963,0.5188284779803762,0.6297682996718197,-0.04800243195797993,-0.15894225364942338
86358,2026-06-30T16:00:00+00:00,2026-06,0,0.3439593695691256,0.2136687164296431,0.2809770888554202,0.4215325553236116,0.32986205647729006,0.24037709498142046,0.09167049884632156,0.18115546034219115
137510,2026-07-23T00:00:00+00:00,2026-07,1,0.2073090263124198,0.0979337629948413,0.15528284491609023,1.5735447182190696,1.86250701908822,2.323463916634444,-0.2889623008691504,-0.7499191984153746
62682,2026-06-13T15:00:00+00:00,2026-06,1,0.459347724402771,0.5053308518993682,0.475908218859586,0.777947786227578,0.7425302608642834,0.6825419119493632,0.035417525363294566,0.09540587427821479
119967,2026-07-20T06:45:00+00:00,2026-07,1,0.2796360586674988,0.6512836037559779,0.42181617197048726,1.2742663117464368,0.863185671296696,0.42881008838818796,0.4110806404497408,0.8454562233582488
132799,2026-07-16T13:50:00+00:00,2026-07,0,0.4338335962052251,0.7313023380209204,0.5541406696545894,0.5688672443509672,0.8077517795249821,1.3141684646301082,-0.23888453517401487,-0.7453012202791409
126032,2026-07-16T17:00:00+00:00,2026-07,0,0.1388174807197943,0.3176289331133241,0.18742895694770495,0.14944881179337977,0.20755193099786426,0.38218168275588354,-0.058103119204484494,-0.23273287096250378
8,2026-05-29T09:00:00+00:00,2026-05,1,0.8224303666596922,0.8823261410064679,0.8584750660652034,0.1954914605226396,0.15259764267126877,0.12519351694129396,0.042893817851370836,0.07029794358134564
432,2026-06-06T16:00:00+00:00,2026-06,0,0.0993184031158714,0.1059360230776552,0.08730657458256949,0.10460347241613292,0.09135524292840749,0.1119779438161418,0.01324822948772543,-0.007374471400008881
129978,2026-07-15T12:30:00+00:00,2026-07,0,0.4315229549915014,0.6029909661550938,0.5001903688781277,0.5647943447800321,0.693527990815223,0.9237962432770023,-0.12873364603519089,-0.3590018984969702
129839,2026-07-15T11:20:00+00:00,2026-07,1,0.7691826611253236,0.7860377730489394,0.7924604149971259,0.2624268069603113,0.23261272400866118,0.24075043039347396,0.02981408295165011,0.021676376566837324
421,2026-06-02T20:00:00+00:00,2026-06,1,0.6517412935323382,0.4941966634133904,0.5960929451708397,0.42810758485792433,0.5173586758022343,0.7048217369409279,-0.08925109094430994,-0.27671415208300354
410,2026-06-01T23:00:00+00:00,2026-06,1,0.2981651376146789,0.194318557698949,0.24441131892561516,1.2101077928934518,1.408902739640851,1.6382564166142988,-0.19879494674739928,-0.42814862372084694
399,2026-06-02T16:00:00+00:00,2026-06,1,0.3915665064102565,0.405894266629564,0.38862019695128314,0.9375999020902872,0.9451527697628145,0.901662580318188,-0.007552867672527275,0.035937321772099184
53,2026-05-29T18:00:00+00:00,2026-05,1,0.5135135135135135,0.679357615359691,0.5853644591116038,0.6664789334777841,0.5355206187102101,0.3866076106010397,0.13095831476757402,0.2798713228767444
101,2026-06-03T09:00:00+00:00,2026-06,0,0.1053972809261799,0.0696672731545073,0.08170198357222141,0.11137554855829672,0.08523330441314925,0.07221298601794279,0.026142244145147472,0.039162562540353926
131,2026-06-06T16:00:00+00:00,2026-06,1,0.659780020805286,0.695100521623607,0.6867838812603337,0.4158488013292322,0.37573561956979107,0.3636988084463898,0.04011318175944112,0.05214999288284239
124519,2026-07-16T17:30:00+00:00,2026-07,0,0.1787455393976225,0.1549349573872668,0.1536763409521314,0.19692227771876433,0.16685341683263913,0.16834168108107841,0.030068860886125204,0.028580596637685918
431,2026-06-04T08:00:00+00:00,2026-06,1,0.506540243983049,0.5156786357478846,0.5111092971278262,0.680151503399342,0.6711718229451996,0.6622715064586022,0.008979680454142436,0.01787999694073983
427,2026-06-06T15:00:00+00:00,2026-06,0,0.4743723677244538,0.4144437561859984,0.44611652997696954,0.6431622403710622,0.5908009572787453,0.5351930393897085,0.05236128309231691,0.10796920098135365
409,2026-06-07T09:00:00+00:00,2026-06,1,0.7005937720171966,0.7822059928290923,0.7465047988063842,0.35582705775698265,0.2923532336158057,0.24563715518522422,0.06347382414117697,0.11018990257175842
99,2026-06-01T09:00:00+00:00,2026-06,0,0.8088170644092035,0.8541506900227469,0.8411132870374267,1.6545245313498758,1.8395638277993231,1.9251813137234575,-0.1850392964494474,-0.2706567823735817
141250,2026-07-21T20:00:00+00:00,2026-07,1,0.7660827302052967,0.9031272652624668,0.8277114374696626,0.26646511219445934,0.18909069081044422,0.10189179943538755,0.07737442138401512,0.16457331275907178
105,2026-06-04T20:00:00+00:00,2026-06,1,0.5055727618048412,0.4665558039644796,0.48900273248093473,0.682063310613269,0.7153872016273052,0.7623776432026982,-0.03332389101403621,-0.08031433258942922
130103,2026-07-15T14:00:00+00:00,2026-07,1,0.319663183480365,0.7702497519456437,0.49456406347475057,1.1404873891336869,0.7040785842887685,0.26104046354936655,0.4364088048449184,0.8794469255843202
7,2026-05-30T06:00:00+00:00,2026-05,1,0.8273207649722838,0.8762490165266056,0.8598710333043125,0.18956279341250656,0.150972862253955,0.13210496300018038,0.038589931158551555,0.05745783041232619
51,2026-06-07T20:00:00+00:00,2026-06,0,0.563994451076912,0.5414916271976329,0.559725546085472,0.8301003088262725,0.8203569876298976,0.7797767261603853,0.009743321196374888,0.05032358266588721
428,2026-06-06T09:00:00+00:00,2026-06,1,0.7642893301566264,0.7663176433796628,0.7821282672538834,0.26880885711253627,0.2457365272660591,0.26615851715538785,0.02307232984647717,0.0026503399571484176
12,2026-05-31T08:00:00+00:00,2026-05,0,0.1219316093691809,0.1272934625125775,0.10819615814892475,0.1300307947236044,0.11450907882419481,0.13615593373582757,0.015521715899409594,-0.006125139012223169
20,2026-05-29T20:00:00+00:00,2026-05,0,0.3046248514963237,0.3435155367496839,0.3057989038434755,0.36330379702757787,0.3649935965344871,0.42085625155083733,-0.0016897995069092286,-0.057552454523259466
5568,2026-06-13T06:00:00+00:00,2026-06,1,0.7306312868704479,0.872911060537721,0.7960308022722982,0.3138463420086364,0.22811739756445476,0.1359216062961114,0.08572894444418167,0.177924735712525
429,2026-06-03T18:00:00+00:00,2026-06,1,0.7986111111111112,0.8359851903005632,0.8286745724111747,0.2248811712127505,0.18792775530590172,0.1791443810058265,0.03695341590684878,0.045736790206924005
130106,2026-07-16T09:00:00+00:00,2026-07,1,0.9004812194269741,0.8616996693521531,0.9030364937681679,0.10482597030046249,0.1019923124635352,0.14884848045222224,0.0028336578369272947,-0.044022510151759744
19,2026-05-30T15:00:00+00:00,2026-05,0,0.4913494139300591,0.4089028030419456,0.45476995790635044,0.6759939695363378,0.6065474777914966,0.5257748132404475,0.06944649174484119,0.15021915629589033
130105,2026-07-16T09:00:00+00:00,2026-07,1,0.5135275416720417,0.5320495771141487,0.5228037911262117,0.6664516158579902,0.6485490456780038,0.6310186039182277,0.01790257017998642,0.03543301193976245
117825,2026-07-13T17:00:00+00:00,2026-07,0,0.4464150943396227,0.4344156461110081,0.43656918121063787,0.5913401408372863,0.5737107235993663,0.5698958276377869,0.017629417237919998,0.021444313199499354
133063,2026-07-17T13:30:00+00:00,2026-07,1,0.81287517559703,0.8026551597121291,0.8267161589064606,0.2071777167731243,0.1902938606384226,0.2198300972311111,0.016883856134701697,-0.012652380457986806
108,2026-06-06T08:00:00+00:00,2026-06,1,0.7499320975803673,0.8088624501337566,0.7879481857155091,0.28777261310997293,0.23832294545429372,0.21212640093600205,0.04944966765567921,0.07564621217397088
13,2026-05-31T10:00:00+00:00,2026-05,0,0.3771909950063254,0.2912725998231598,0.33183019188399066,0.47351538024166745,0.40321293398331326,0.3442843113242829,0.07030244625835419,0.12923106891738456
61,2026-06-02T09:00:00+00:00,2026-06,0,0.5265327506209482,0.5935029756476171,0.5578858274643042,0.7476725358462536,0.8161871213561507,0.900178670187404,-0.06851458550989709,-0.15250613434115046
436,2026-06-05T13:00:00+00:00,2026-06,0,0.3354421407052985,0.3162926036177914,0.3146942376173486,0.40863333269356605,0.37789017187084223,0.38022523595181207,0.030743160822723825,0.028408096741753985
126,2026-06-12T08:00:00+00:00,2026-06,1,0.4930851063829787,0.4187786210639164,0.46014666699227025,0.7070734902581398,0.7762099990305338,0.8704128493691817,-0.06913650877239397,-0.16333935911104192
18,2026-05-30T09:00:00+00:00,2026-05,0,0.6146401267101427,0.5404220447236201,0.5921790586779375,0.953577645470021,0.8969270702179664,0.7774466991788263,0.056650575252054636,0.17613094629119475
11,2026-05-30T08:00:00+00:00,2026-05,1,0.8712080249303603,0.8557340983995724,0.8821620836500126,0.13787449605323907,0.1253794715480015,0.155795583807509,0.012495024505237567,-0.017921087754269927
4,2026-05-30T15:00:00+00:00,2026-05,0,0.2571751446805378,0.2790167204665896,0.24901245982817466,0.29729498840555,0.2863662183385565,0.32713933262710754,0.010928770066993498,-0.029844344221557517
66,2026-06-03T16:00:00+00:00,2026-06,1,0.6214778977630111,0.6924780741396253,0.6608367151785091,0.47565493139421305,0.41424849660804464,0.3674787033141297,0.06140643478616842,0.10817622808008337
6,2026-05-31T15:00:00+00:00,2026-05,1,0.3272129980473325,0.3740279686009491,0.3332306757532669,1.1171439499590308,1.0989203088416524,0.9834247020081872,0.018223641117378397,0.13371924795084356
23,2026-05-31T20:00:00+00:00,2026-05,1,0.8527627725184607,0.8094171815995148,0.8549786672944524,0.15927387976159008,0.1566787608894508,0.21144081919029087,0.002595118872139285,-0.05216693942870079
42,2026-05-29T16:00:00+00:00,2026-05,0,0.2448321270042839,0.2434753810964839,0.22742900145917228,0.2808152061101438,0.2580313669372545,0.2790202031193097,0.022783839172889342,0.001795002990834127
130108,2026-07-17T21:00:00+00:00,2026-07,0,0.3669989858755682,0.3484443419243115,0.3483837043722663,0.45728325474693493,0.42829939393016564,0.4283924554051562,0.02898386081676929,0.02889079934177874
130109,2026-07-17T00:00:00+00:00,2026-07,0,0.7762896226107534,0.9174928362778454,0.83816147626611,1.497403021802317,1.8211562079271648,2.4948701564154545,-0.3237531861248477,-0.9974671346131374
130110,2026-07-16T21:00:00+00:00,2026-07,0,0.6808240642007847,0.7886896668962309,0.7359725687907719,1.142012805348587,1.3317022751381242,1.5544274530296958,-0.18968946978953727,-0.4124146476811088
141366,2026-07-22T21:00:00+00:00,2026-07,1,0.8668729916265822,0.9195079371143512,0.897559533250182,0.1428628047127461,0.10807582850741314,0.08391660298551021,0.034786976205332956,0.058946201727235886
130111,2026-07-16T10:10:00+00:00,2026-07,0,0.4007893249354005,0.6975757421557923,0.5194293154163011,0.5121420314094515,0.7327809550772333,1.195924420155248,-0.22063892366778182,-0.6837823887457964
63369,2026-06-14T15:00:00+00:00,2026-06,0,0.2159370486341657,0.2728271034364063,0.21980426275894027,0.24326596674572648,0.24821044559912908,0.318591007765601,-0.004944478853402601,-0.07532504101987453
127552,2026-07-16T18:00:00+00:00,2026-07,1,0.6618357487922706,0.7675144279752459,0.7159734356033858,0.41273786743724405,0.33411221382234446,0.26459800103266196,0.0786256536148996,0.1481398664045821
141368,2026-07-22T23:00:00+00:00,2026-07,1,0.3763449988622218,0.3162966779853724,0.341282743147043,0.9772490061185946,1.075043986471888,1.151074651459256,-0.09779498035329337,-0.17382564534066147
132010,2026-07-01T08:00:00+00:00,2026-07,1,0.0987347149793799,0.8500129010857727,0.37825834858054397,2.3153186722002808,0.9721778549629458,0.16250375186498794,1.343140817237335,2.1528149203352926
141369,2026-07-23T00:00:00+00:00,2026-07,0,0.1656600080532689,0.1079717942297364,0.13100194562016257,0.18111429549115224,0.14041439263773534,0.11425752608337413,0.0406999028534169,0.06685676940777811
127553,2026-07-16T15:00:00+00:00,2026-07,0,0.6022394221386663,0.6518268082746903,0.6317337663826506,0.9219050178718937,0.9989491414681944,1.0550552456363929,-0.07704412359630064,-0.13315022776449914
128834,2026-07-17T19:00:00+00:00,2026-07,0,0.3884440022509218,0.2324312785678537,0.3166884595481987,0.49174875364190196,0.3808043880481084,0.2645272642039189,0.11094436559379356,0.22722148943798304
128835,2026-07-17T18:00:00+00:00,2026-07,0,0.2686373026349318,0.1135478644996562,0.19952608387779325,0.3128457762559358,0.2225513315581938,0.12052814759293783,0.090294444697742,0.19231762866299795
17,2026-05-29T09:00:00+00:00,2026-05,1,0.8126036484245439,0.8724373468477493,0.8491713184426797,0.2075118056225132,0.16349432452007337,0.1364644362544159,0.04401748110243983,0.0710473693680973
110,2026-05-31T16:00:00+00:00,2026-05,0,0.6205185534426025,0.5524420879314176,0.6012331622602678,0.9689495725183854,0.9193783994680497,0.8039493371965353,0.04957117305033576,0.16500023532185015
402,2026-06-06T20:00:00+00:00,2026-06,0,0.5155696835096772,0.4969569185856362,0.5087889554090541,0.7247816836085804,0.7108814174855655,0.6870794636149415,0.01390026612301487,0.037702219993638875
48,2026-06-05T14:30:00+00:00,2026-06,1,0.8788623195541378,0.8837437433808236,0.8955672893030062,0.1291270266094082,0.11029791870412893,0.12358814142207447,0.018829107905279266,0.005538885187333725
60471,2026-06-12T15:00:00+00:00,2026-06,1,0.7582809335801253,0.707496277617708,0.7557401964144512,0.2767013372282715,0.2800576174021401,0.3460229107963124,-0.0033562801738685755,-0.06932157356804092
100,2026-06-05T09:00:00+00:00,2026-06,0,0.3495140161272234,0.285051036203116,0.3113918205833907,0.4300355279599787,0.37308284982033535,0.3355441181408106,0.05695267813964333,0.09449140981916809
60470,2026-06-12T18:00:00+00:00,2026-06,0,0.2166803381544818,0.4980741551322495,0.31499966501447796,0.244214413627515,0.37833595169007217,0.6893028895889423,-0.13412153806255717,-0.44508847596142725
52,2026-06-03T11:00:00+00:00,2026-06,1,0.4608252772034773,0.3626149483289067,0.4152798991549875,0.7747363160626699,0.8788025302993818,1.014413756114255,-0.10406621423671192,-0.2396774400515851
117823,2026-07-13T15:00:00+00:00,2026-07,0,0.4850872671036159,0.5527007681889232,0.5133152953101399,0.6637578433634235,0.7201387892035143,0.8045274859356505,-0.05638094584009079,-0.14076964257222702
138288,2026-07-19T23:00:00+00:00,2026-07,0,0.6445876007452046,0.6549276091010109,0.6605451019343849,1.0344764757024787,1.0804141889215413,1.0640010552690164,-0.04593771321906259,-0.029524579566537756
124995,2026-07-15T17:30:00+00:00,2026-07,1,0.323983208851079,0.3056648870726826,0.30296863924507383,1.127063589066452,1.19412597967069,1.1852659174194018,-0.06706239060423802,-0.058202328352949806
138287,2026-07-19T23:00:00+00:00,2026-07,1,0.9008320239743354,0.975577645973744,0.932089998166798,0.10443647163543977,0.07032590440195227,0.024725526008924553,0.0341105672334875,0.07971094562651522
141365,2026-07-22T20:00:00+00:00,2026-07,0,0.5049586371112257,0.5873140062060602,0.5412047318002752,0.703113958513042,0.7791512072070345,0.8850682807836611,-0.07603724869399242,-0.18195432227061903
100079,2026-07-09T15:00:00+00:00,2026-07,0,0.6020731872294371,0.5682626826711399,0.5961081694288737,0.9214871781182293,0.9066081829824498,0.8399379374212911,0.014878995135779505,0.08154924069693825
128833,2026-07-17T17:00:00+00:00,2026-07,1,0.6192990987413738,0.5919183537318902,0.6175040715272009,0.4791669263251911,0.48206961693542505,0.5243865696028452,-0.00290269061023396,-0.045219643277654153
129992,2026-07-15T12:00:00+00:00,2026-07,1,0.89661568248661,0.8473559924317413,0.8960387519537838,0.1091279563512954,0.10977161699403921,0.16563437460016786,-0.0006436606427438207,-0.05650641824887247
129976,2026-07-15T11:20:00+00:00,2026-07,1,0.5005022960656265,0.4772966043218326,0.4903975964641476,0.6921430926936754,0.7125387955463967,0.7396171693433147,-0.020395702852721298,-0.04747407664963932
130433,2026-07-18T00:00:00+00:00,2026-07,0,0.594753930280246,0.4930195280056394,0.5585362097916626,0.9032608168223785,0.8176592776847221,0.679282792909153,0.08560153913765634,0.2239780239132254
130435,2026-07-15T16:10:00+00:00,2026-07,0,0.1197164280884699,0.3902909113931163,0.2052507449796404,0.1275111826097463,0.22972861656774526,0.4947733394927658,-0.10221743395799895,-0.3672621568830195
130434,2026-07-15T16:10:00+00:00,2026-07,0,0.1292016611408183,0.8227978787467642,0.38920120651545903,0.13834485722670875,0.4929876809432437,1.7304642699277528,-0.35464282371653494,-1.592119412701044
138528,2026-07-23T17:00:00+00:00,2026-07,1,0.6206841432225064,0.8517094114722643,0.7180605790658345,0.47693295249347967,0.3312013415350395,0.16050987667628389,0.14573161095844017,0.31642307581719575
138529,2026-07-23T18:00:00+00:00,2026-07,0,0.2612974186869699,0.6466785669811838,0.4079816696809486,0.30285990005388863,0.5242176812007109,1.0403770612467482,-0.22135778114682225,-0.7375171611928596
133553,2026-07-29T10:00:00+00:00,2026-07,0,0.7611885929968105,0.8996250717674429,0.8235702663017761,1.4320811305844892,1.7348325912338596,2.2988428217086714,-0.3027514606493704,-0.8667616911241822
138526,2026-07-21T17:00:00+00:00,2026-07,1,0.6694626315394083,0.772466760790602,0.7227435550925212,0.40127993088376973,0.32470081532707107,0.25816629923875256,0.07657911555669866,0.14311363164501717
138527,2026-07-21T18:00:00+00:00,2026-07,0,0.1147976951814095,0.1118637108851445,0.0990476081990995,0.12193906708225334,0.10430286205852225,0.11863006903367733,0.01763620502373109,0.0033089980485760118
130436,2026-07-16T10:10:00+00:00,2026-07,1,0.7131306418563438,0.7583159307518648,0.7459141542591785,0.3380906469420967,0.2931447601195796,0.2766551849875953,0.0449458868225171,0.06143546195450139
141367,2026-07-22T22:00:00+00:00,2026-07,1,0.7552877750373207,0.7782734734305334,0.7806384369025157,0.2806564433659181,0.24764318524481246,0.25067730830283524,0.03301325812110564,0.029979135063082862
128292,2026-07-02T19:00:00+00:00,2026-07,0,0.281086084541808,0.2800096879979622,0.26494169643302745,0.33001365658180093,0.30780545833441353,0.3285175226152881,0.0222081982473874,0.0014961339665128248
117571,2026-07-20T06:00:00+00:00,2026-07,1,0.5456760517511334,0.5858985282309841,0.5670622187596521,0.6057297911274455,0.567286248012466,0.5346086644144363,0.03844354311497955,0.07112112671300919
138038,2026-07-20T22:00:00+00:00,2026-07,0,0.2511970870880856,0.3260865905554448,0.2639126936898378,0.28927946371959784,0.30640654458435257,0.39465364895733696,-0.01712708086475473,-0.10537418523773912
130583,2026-07-08T19:00:00+00:00,2026-07,0,0.1935483870967741,0.1128291647987459,0.15051198961871923,0.21511137961694543,0.16312145170573505,0.1197177163433215,0.051989927911210376,0.09539366327362393
130777,2026-07-24T07:00:00+00:00,2026-07,1,0.7869215151659248,0.8100105073410606,0.8123854380902178,0.23962676213760326,0.20778037399315466,0.21070805937378784,0.031846388144448595,0.028918702763815418
135335,2026-07-24T17:00:00+00:00,2026-07,1,0.7456861944932947,0.8450872140777753,0.7972113717835854,0.2934504180900263,0.22663542608945972,0.16831544502458629,0.06681499200056659,0.12513497306544002
135336,2026-07-25T14:00:00+00:00,2026-07,1,0.8063207713926951,0.8642636768220887,0.8426176642878508,0.2152736362528996,0.17124196563150515,0.14587737522943817,0.04403167062139446,0.06939626102346144
143963,2026-07-15T09:00:00+00:00,2026-07,0,0.5795309776117554,0.6540074894075381,0.6178772868544357,0.8663844708006416,0.9620134833606802,1.0613381498452101,-0.09562901256003853,-0.1949536790445685
130775,2026-07-22T09:00:00+00:00,2026-07,1,0.4562392140179684,0.4528909978066191,0.4509795976299551,0.7847380148734394,0.796333178573784,0.792103805396894,-0.011595163700344635,-0.007365790523454541
130776,2026-07-22T11:00:00+00:00,2026-07,1,0.6712133342655838,0.7311715542485947,0.708387133098264,0.3986682577189883,0.3447645365666691,0.31310716243181635,0.05390372115231917,0.08556109528717193
130778,2026-07-23T09:00:00+00:00,2026-07,0,0.5110626407154041,0.6102654466268391,0.5549924432045312,0.7155208973352256,0.8096640153972308,0.9422894039703286,-0.09414311806200515,-0.22676850663510295
130779,2026-07-24T09:00:00+00:00,2026-07,1,0.304464952100896,0.3051727438249063,0.2900847237100579,1.1891992982895332,1.2375822479449925,1.1868772895070758,-0.048382949655459306,0.002322008782457363
130780,2026-07-24T11:00:00+00:00,2026-07,0,0.1652353366832323,0.1162001296041972,0.13307993137844357,0.1806054341949345,0.14280849950635757,0.1235246329297685,0.03779693468857692,0.057080801265166
130783,2026-07-25T07:00:00+00:00,2026-07,0,0.3775861004187499,0.2381765383742721,0.31174972697890463,0.47414997413523025,0.3736027382706573,0.2720404277934299,0.10054723586457293,0.20210954634180034
130784,2026-07-25T09:00:00+00:00,2026-07,1,0.5253979814432137,0.5698855363697453,0.546971667615126,0.6435992436809524,0.603358273852022,0.5623197517056608,0.04024096982893044,0.0812794919752916
130782,2026-07-25T11:00:00+00:00,2026-07,1,0.7873635231624333,0.8767945312397305,0.8340600994819669,0.23906522722192824,0.18144981749073485,0.13148259998880155,0.05761540973119339,0.1075826272331267
130785,2026-07-26T09:00:00+00:00,2026-07,1,0.493012494783612,0.5065922919649986,0.49834215533994797,0.7072207608719453,0.6964683789588496,0.6800487567592953,0.010752381913095688,0.027172004112649972
130786,2026-07-26T11:00:00+00:00,2026-07,0,0.4147919433325828,0.3428884183931102,0.37714827694889175,0.5357878425566769,0.4734467932556789,0.4199014398997635,0.062341049300997986,0.11588640265691341
133668,2026-07-29T08:00:00+00:00,2026-07,0,0.3848026184901118,0.4040762913546744,0.3834444394307312,0.4858121171230898,0.48360683786064435,0.5176426257388552,0.0022052792624454587,-0.03183050861576542
130788,2026-07-23T11:00:00+00:00,2026-07,1,0.8649696522130138,0.8475205084534331,0.8755211310350364,0.14506085681252565,0.13293599158514938,0.16544024125520435,0.01212486522737627,-0.0203793844426787
130787,2026-07-26T07:00:00+00:00,2026-07,0,0.4405276685024915,0.3269635338411989,0.38733535363000987,0.5807612046468651,0.4899375622863134,0.39595576631974694,0.09082364236055168,0.18480543832711815
144054,2026-07-23T20:00:00+00:00,2026-07,1,0.3814432989690721,0.4106231167983322,0.3840698483655821,0.9637930658591586,0.9569308461502546,0.8900794759374445,0.006862219708903994,0.07371358992171406
133669,2026-07-17T15:00:00+00:00,2026-07,1,0.3925079108504611,0.3667761400543695,0.3726193312613795,0.935198586929762,0.9871979400848478,1.0030035896404381,-0.05199935315508586,-0.06780500271067613
135353,2026-07-25T20:00:00+00:00,2026-07,0,0.5726530405249841,0.3460685370768148,0.48107381798803783,0.8501590442309983,0.6559936371228878,0.4247527297700413,0.19416540710811048,0.425406314460957
135402,2026-07-25T23:00:00+00:00,2026-07,0,0.1690542912715761,0.1621100094802445,0.14968831554331044,0.18519081871771706,0.1621523091151357,0.1768684633469412,0.02303850960258136,0.008322355370775858
135404,2026-07-26T20:00:00+00:00,2026-07,0,0.4225576054113295,0.2554588336094109,0.3474560855911406,0.5491465911915214,0.42687684027392175,0.2949871343765373,0.12226975091759967,0.25415945681498414
135400,2026-07-25T17:30:00+00:00,2026-07,1,0.6530415779977342,0.6621744352745348,0.6690319099350487,0.42611447945439285,0.40192352203170606,0.41222626036091287,0.024190957422686787,0.013888219093479981
135278,2026-07-26T14:00:00+00:00,2026-07,0,0.6757989909415563,0.7639267574927167,0.7237282926538241,1.1263915572287617,1.2863704506086222,1.4436131724978718,-0.1599788933798605,-0.3172216152691101
135408,2026-07-22T15:00:00+00:00,2026-07,1,0.712468786607555,0.1657356851403763,0.5040893007422812,0.33901917606904003,0.6850018425935389,1.7973610178063897,-0.3459826665244989,-1.4583418417373497
135401,2026-07-26T17:30:00+00:00,2026-07,1,0.4296333559872896,0.4819061876076497,0.44634758210806746,0.8448230945109327,0.8066572984027646,0.7300058153941079,0.03816579610816817,0.11481727911682482
129805,2026-07-15T10:55:00+00:00,2026-07,1,0.8128601908659915,0.766755065375718,0.81386023170591,0.2071961511768386,0.20596663324367243,0.2655878697158669,0.0012295179331661688,-0.0583917185390283
138683,2026-07-21T06:00:00+00:00,2026-07,1,0.535893039330374,0.8931086584845177,0.6753122752764514,0.6238206913128898,0.3925800650507029,0.1130470274736352,0.23124062626218683,0.5107736638392546
133062,2026-07-17T13:30:00+00:00,2026-07,0,0.7756755112249574,0.7960160231464235,0.8002163375592763,1.4946616647483775,1.6105201856769449,1.589713833058137,-0.11585852092856741,-0.0950521683097596
135854,2026-07-18T08:00:00+00:00,2026-07,0,0.5407608695652175,0.3765622123415457,0.4731068153671717,0.7781842232458577,0.6407574366905066,0.47250629805691613,0.13742678655535112,0.30567792518894155
134611,2026-07-21T15:00:00+00:00,2026-07,1,0.839327687967492,0.8840161089247477,0.8699486382249426,0.17515407908029915,0.13932110559928623,0.1232799937449745,0.035832973481012914,0.05187408533532464
134612,2026-07-21T17:30:00+00:00,2026-07,0,0.1658424398341796,0.2156279124772637,0.16590166091455247,0.18133297340459206,0.18140397100205224,0.2428717697873059,-7.099759746018175e-05,-0.06153879638271384
134615,2026-07-23T15:00:00+00:00,2026-07,0,0.0988290328647199,0.0917436904708157,0.08309598252719264,0.10406028672718592,0.08675248235358488,0.0962286609969627,0.01730780437360105,0.007831625730223224
136293,2026-07-25T16:00:00+00:00,2026-07,0,0.528179216164639,0.5060104422460705,0.5209459877442371,0.7511560607631461,0.735941927477759,0.7052409001675687,0.015214133285387121,0.04591516059557743
136291,2026-07-26T18:00:00+00:00,2026-07,0,0.7214167163698667,0.4560982934394669,0.6247416278226606,1.2780382207641738,0.9801404977851674,0.6089867349215693,0.2978977229790064,0.6690514858426045
137915,2026-07-20T02:00:00+00:00,2026-07,0,0.1291561883500529,0.0530875627611795,0.09324616452905513,0.13829263893288482,0.09788427091801356,0.054548653388034274,0.04040836801487126,0.08374398554485055
134614,2026-07-22T17:30:00+00:00,2026-07,0,0.2787980621060028,0.203084281939015,0.2348755504514613,0.3268361006155461,0.2677167792380023,0.2270063547661929,0.059119321377543776,0.09982974584935317
139536,2026-07-22T15:00:00+00:00,2026-07,0,0.2070372155906297,0.1985251237252022,0.18663741500429942,0.23197898857543942,0.20657828485108176,0.22130165330679397,0.025400703724357654,0.01067733526864545
134629,2026-07-23T17:30:00+00:00,2026-07,1,0.8884605473021445,0.8812230261088281,0.9010733438309918,0.1182650360850163,0.10416862198871486,0.12644453399494696,0.01409641409630144,-0.008179497909930653
136308,2026-07-23T21:00:00+00:00,2026-07,0,0.1951978601289055,0.1854753643518327,0.17445042905857086,0.21715882075464232,0.19170596782894261,0.20515060505224644,0.02545285292569971,0.01200821570239588
136307,2026-07-24T00:00:00+00:00,2026-07,0,0.7960921707250955,0.8166892601722596,0.8206228214501401,1.5900872045179828,1.7182645473163043,1.696572534321305,-0.1281773427983215,-0.10648532980332215
139538,2026-07-23T15:00:00+00:00,2026-07,0,0.1061178545764876,0.0814188920397381,0.08512264925281907,0.11218134088408112,0.08896526559042388,0.08492507342400454,0.02321607529365724,0.027256267460076575
139537,2026-07-23T17:00:00+00:00,2026-07,1,0.2852899781778351,0.1966163586473364,0.23683823488601577,1.254249148691841,1.4403779241160695,1.6265008669618946,-0.18612877542422845,-0.37225171827005354
139533,2026-07-21T15:00:00+00:00,2026-07,0,0.1638489711971003,0.1233146717636171,0.13426028668534568,0.17894602575105042,0.1441709775898263,0.13160715574334717,0.03477504816122412,0.04733887000770326
136310,2026-07-22T21:00:00+00:00,2026-07,1,0.7079256332930522,0.543138260673973,0.6539983148417186,0.3454162285269427,0.424650504222878,0.6103913677503424,-0.07923427569593527,-0.2649751392233997
139535,2026-07-22T17:00:00+00:00,2026-07,0,0.4076803716754869,0.3019094097729345,0.3558704906507998,0.5237088770882312,0.4398554716220609,0.35940639921556894,0.08385340546617032,0.16430247787266228
139656,2026-07-21T22:00:00+00:00,2026-07,1,0.709695718547255,0.7388809565466465,0.7363562716818686,0.34291896623358614,0.30604121258967665,0.3026184582268616,0.036877753643909494,0.04030050800672452
134759,2026-07-18T11:00:00+00:00,2026-07,0,0.8048975868231365,0.6967248423398045,0.7817598325718108,1.6342306625066367,1.5221591371527134,1.1931147744664299,0.11207152535392328,0.44111588804020685
134760,2026-07-18T13:30:00+00:00,2026-07,0,0.7516764932685518,0.7713070330362906,0.775759257063577,1.393022920262542,1.4950350590004156,1.4753749306619,-0.10201213873787363,-0.08235201039935802
139654,2026-07-21T20:00:00+00:00,2026-07,0,0.185055685055685,0.1101387286325693,0.14422340025258365,0.20463549329724806,0.1557459185055056,0.11668970327375668,0.04888957479174247,0.08794579002349139
139655,2026-07-21T21:00:00+00:00,2026-07,1,0.6609557025744284,0.711064817371825,0.693886871225029,0.414068457148531,0.3654463415250739,0.3409916896605984,0.04862211562345714,0.07307676748793263
139658,2026-07-20T16:00:00+00:00,2026-07,1,0.8573351278600269,0.965917962559985,0.9019960388551889,0.1539263891455959,0.1031451504422505,0.03467637326208531,0.05078123870334539,0.11925001588351059
139657,2026-07-20T18:00:00+00:00,2026-07,1,0.5273224043715847,0.4637340913479324,0.5019088765079246,0.6399431444964806,0.6893366966678691,0.7684439700199358,-0.04939355217138852,-0.1285008255234552
136464,2026-07-25T18:00:00+00:00,2026-07,1,0.621783056576871,0.5958734086579387,0.620814697829502,0.4751640307205887,0.47672263476597176,0.5177270360578374,-0.0015586040453830496,-0.042563005337248716
139777,2026-07-21T10:30:00+00:00,2026-07,1,0.4555139665472533,0.3494681917736432,0.4063434536358913,0.7863289007384656,0.9005565320741519,1.0513427321119588,-0.11422763133568625,-0.2650138313734932
136463,2026-07-26T16:00:00+00:00,2026-07,1,0.743425760168447,0.6488311453414342,0.7222607221769021,0.2964863698920027,0.32536909422587246,0.4325827727994615,-0.028882724333869736,-0.13609640290745878
139782,2026-07-21T06:00:00+00:00,2026-07,0,0.4996538773105531,0.2231091863355755,0.38557404186763033,0.6924551746723657,0.4870668484767586,0.25245546144317366,0.20538832619560715,0.43999971322919207
139779,2026-07-21T09:00:00+00:00,2026-07,1,0.7902313868359415,0.8969927903883793,0.841719160148293,0.23542948167731742,0.1723088593925988,0.10870745442679061,0.06312062228471862,0.1267220272505268
139781,2026-07-21T06:45:00+00:00,2026-07,1,0.3704678592095525,0.4657571456313433,0.4008360331219908,0.9929885877807627,0.9142028302535354,0.764090927414494,0.07878575752722727,0.22889766036626868
139780,2026-07-21T08:15:00+00:00,2026-07,1,0.652390381495044,0.80463969825165,0.7230893925171513,0.4271121516072291,0.3242224233637429,0.21736068156893,0.10288972824348619,0.2097514700382991
139778,2026-07-21T09:45:00+00:00,2026-07,1,0.2817465228230982,0.1143871775184635,0.20828855589518655,1.26674746749387,1.5688308727180784,2.1681662909472066,-0.3020834052242085,-0.9014188234533367
139776,2026-07-21T11:15:00+00:00,2026-07,0,0.4395825362075769,0.2910469076054399,0.37229559910425536,0.5790733019205772,0.46568592253818414,0.3439659148720368,0.11338737938239302,0.23510738704854034
142139,2026-07-28T20:00:00+00:00,2026-07,1,0.6610819526864145,0.5104971821664442,0.6092954069081952,0.4138774639315565,0.4954520600653168,0.6723701611449636,-0.08157459613376028,-0.2584926972134071
139783,2026-07-21T23:00:00+00:00,2026-07,0,0.3552302771021363,0.3879382486817045,0.3573338807547903,0.43886204469573803,0.44212994427699154,0.4909221007130709,-0.0032678995812535083,-0.05206005601733288
139784,2026-07-22T00:00:00+00:00,2026-07,1,0.7816416296722514,0.8132879532492959,0.810074144005083,0.24635891755288794,0.2106294996960546,0.20667004610490033,0.03572941785683334,0.039688871447987606
133065,2026-07-17T11:00:00+00:00,2026-07,0,0.7986416711980556,0.328963823796722,0.6209265211623823,1.6026692277428336,0.9700252171301521,0.3989322295989597,0.6326440106126815,1.203736998143874
132274,2026-07-18T23:00:00+00:00,2026-07,0,0.1750904373648576,0.1972620041535193,0.16543270951319342,0.1924815197045946,0.18084190343693413,0.21972689991257482,0.011639616267660469,-0.02724538020798023
136735,2026-07-19T12:30:00+00:00,2026-07,0,0.3221421783883127,0.6524537203071028,0.4499305923159186,0.38881771567004336,0.5977108129284003,1.0568574438724563,-0.20889309725835697,-0.6680397282024129
142256,2026-07-22T16:00:00+00:00,2026-07,1,0.5643352357780521,0.5760007677517878,0.5749242762553423,0.5721068143862572,0.5535169403261029,0.5516462853847248,0.018589874060154332,0.02046052900153239
142257,2026-07-22T17:00:00+00:00,2026-07,0,0.573012185051916,0.7461707816072898,0.6502811067485591,0.8509998025820328,1.050625609344931,1.3710936066373316,-0.19962580676289832,-0.5200938040552988
142258,2026-07-22T18:00:00+00:00,2026-07,1,0.7714920221150589,0.8795298819754854,0.824548616235716,0.25942894797761246,0.19291917421419222,0.1283677392867749,0.06650977376342024,0.13106120869083757
142260,2026-07-22T19:00:00+00:00,2026-07,0,0.7614140993240924,0.8397963169555861,0.805733741348579,1.4330258629507047,1.6385255936157832,1.831309254322426,-0.20549973066507854,-0.3982833913717214
142259,2026-07-22T20:00:00+00:00,2026-07,1,0.7888767593091058,0.8151709495112127,0.8154177611668354,0.23714516893082288,0.20405470668209563,0.20435743373508125,0.03309046224872725,0.03278773519574163
142384,2026-07-27T10:00:00+00:00,2026-07,0,0.2899548255919745,0.112734540145608,0.213149046052246,0.3424266850440229,0.23971643357309083,0.1196110631447916,0.10271025147093207,0.22281562189923132
142383,2026-07-28T08:00:00+00:00,2026-07,0,0.5869134559347378,0.681599917965155,0.6339838147529782,0.884098158178772,1.0050777245721356,1.1444465673648159,-0.1209795663933636,-0.26034840918604385
142382,2026-07-28T10:00:00+00:00,2026-07,0,0.5176171301856549,0.7554340203561507,0.6177559178237597,0.7290171445347738,0.9616959158461341,1.4082701510775615,-0.23267877131136028,-0.6792530065427876
142380,2026-07-29T05:00:00+00:00,2026-07,1,0.7575707263388652,0.892562508211914,0.8192488594241935,0.27763837785303047,0.19936738362365922,0.11365873056860541,0.07827099422937125,0.16397964728442505
142505,2026-07-23T19:00:00+00:00,2026-07,1,0.7604656508473862,0.8715706805693968,0.8150222447931861,0.2738243348414396,0.20453987188898673,0.1374583151082613,0.06928446295245286,0.1363660197331783
142506,2026-07-23T20:00:00+00:00,2026-07,0,0.5739261029209856,0.590137376622656,0.587246955210489,0.8531424804348526,0.8849058193720132,0.8919332403638878,-0.031763338937160546,-0.038790759929035135
142502,2026-07-23T16:00:00+00:00,2026-07,1,0.588825437507687,0.5499454807079515,0.5795468106415268,0.5296255102117919,0.5455088418261407,0.5979361316544685,-0.01588333161434874,-0.06831062144267652
142503,2026-07-23T17:00:00+00:00,2026-07,1,0.6326220392519377,0.6887008767116691,0.6665623833779486,0.4578821295585302,0.4056215452768973,0.3729482434372764,0.05226058428163288,0.0849338861212538
142504,2026-07-23T18:00:00+00:00,2026-07,0,0.8043414577067398,0.879786897536427,0.845976070513772,1.6313842701837136,1.8706473023654968,2.118489257301126,-0.23926303218178324,-0.48710498711741246
142739,2026-07-25T11:30:00+00:00,2026-07,0,0.2294282300733913,0.2013028146553386,0.20216099863965536,0.26062248134820676,0.2258484545684106,0.22477339711075087,0.03477402677979616,0.03584908423745589
142740,2026-07-25T09:00:00+00:00,2026-07,0,0.4313346992112872,0.5565435305855693,0.48004604952387475,0.5644632414970882,0.6540150281047291,0.8131556344411266,-0.08955178660764096,-0.24869239294403844
144413,2026-07-17T16:00:00+00:00,2026-07,1,0.2276311873822041,0.3260674001024114,0.24858703233457638,1.4800285589547415,1.3919622640392757,1.12065117020461,0.0880662949154658,0.3593773887501315
138040,2026-07-21T00:00:00+00:00,2026-07,1,0.6974970633414656,0.8080335016110921,0.7535803255890188,0.36025697555861136,0.28291966329403884,0.21315175893061733,0.07733731226457252,0.14710521662799403
142738,2026-07-26T09:00:00+00:00,2026-07,0,0.1407115008527758,0.1306875628428546,0.121421555232968,0.15165055873108507,0.12945008135507913,0.14005268190508283,0.022200477376005945,0.011597876826002246
140670,2026-07-21T17:00:00+00:00,2026-07,0,0.2341609123222532,0.2879036864927711,0.2375328966009545,0.2667831996147964,0.2711959145144789,0.3395421049387476,-0.004412714899682479,-0.07275890532395118
142737,2026-07-26T11:30:00+00:00,2026-07,1,0.3569518264607583,0.2906153240684735,0.3184153232934688,1.0301544461935346,1.1443987002482257,1.2357547967225913,-0.11424425405469107,-0.20560035052905667
8709,2026-06-13T09:00:00+00:00,2026-06,0,0.1058039727843165,0.0971481651908818,0.08909000622572444,0.11183025802853477,0.09331118597277868,0.1021968200809455,0.01851907205575609,0.00963343794758928
7991,2026-06-13T20:00:00+00:00,2026-06,0,0.5263857455897148,0.4430145897684913,0.4922803181048153,0.7473620978705867,0.677825790998273,0.585216232878144,0.06953630687231371,0.16214586499244277
