alpha,T,auc,brier,log_loss,accuracy,n_bets,roi,profit,win_rate
0.0,0.5,0.7333959655015987,0.22592423715958304,0.6839980923758601,0.6713124274099884,687,-0.05720524017467248,-39.3,0.7234352256186317
0.0,0.6,0.7334199493734728,0.21867402073885786,0.6460083527585921,0.6713124274099884,391,-0.07278772378516624,-28.46,0.7212276214833759
0.0,0.7,0.7334199493734728,0.21386908040102545,0.6247603401451985,0.6713124274099884,1,0.32000000000000006,0.32000000000000006,1.0
0.0,0.8,0.7334199493734728,0.21080626360992488,0.6128999264660895,0.6713124274099884,0,0.0,0.0,0.0
0.0,0.9,0.7334199493734728,0.20898064815694278,0.6065448458680686,0.6713124274099884,0,0.0,0.0,0.0
0.0,1.0,0.733421319880437,0.20803081413646868,0.6035231111826957,0.6713124274099884,0,0.0,0.0,0.0
0.0,1.1,0.7334206346269548,0.2076981554738546,0.6025613924559247,0.6713124274099884,89,0.4805617977528091,42.77000000000001,0.19101123595505617
0.0,1.2,0.7334192641199906,0.20779757306585261,0.602886140863344,0.6713124274099884,244,0.42954918032786893,104.81000000000002,0.27049180327868855
0.0,1.3,0.733421319880437,0.208196480095912,0.6040142860459399,0.6713124274099884,341,0.25815249266862167,88.02999999999999,0.2668621700879765
0.0,1.5,0.7334206346269548,0.2095393526079927,0.6075564172260722,0.6713124274099884,434,0.22608294930875575,98.11999999999999,0.29493087557603687
0.0,1.7,0.7334220051339191,0.2112450098332917,0.6118005800174677,0.6713124274099884,482,0.20441908713692947,98.53,0.3049792531120332
0.0,2.0,0.7334206346269548,0.21397685583137735,0.6182700648839754,0.6713124274099884,539,0.20630797773654913,111.19999999999999,0.32653061224489793
0.0,2.5,0.7334213198804369,0.2182493470749034,0.6278974299789017,0.6713124274099884,570,0.18928070175438594,107.88999999999999,0.3298245614035088
0.0,3.0,0.7334206346269548,0.22186143592542706,0.6357362106978502,0.6713124274099884,589,0.18526315789473685,109.12,0.33446519524617996
0.05,0.5,0.7365268886613847,0.2241127964349942,0.6692237024806733,0.6742160278745645,663,-0.05915535444947209,-39.22,0.722473604826546
0.05,0.6,0.7365268886613847,0.21679845933069927,0.6344701140869928,0.6742160278745645,319,-0.034482758620689655,-11.0,0.7492163009404389
0.05,0.7,0.7365268886613847,0.21201711790957103,0.6155612207735187,0.6742160278745645,1,0.32000000000000006,0.32000000000000006,1.0
0.05,0.8,0.7365268886613847,0.20903409687365937,0.605424386697394,0.6742160278745645,0,0.0,0.0,0.0
0.05,0.9,0.7365268886613847,0.20731983995947015,0.6003736544585588,0.6742160278745645,4,8.2525,33.01,1.0
0.05,1.0,0.7365268886613847,0.20649542193921908,0.5983600576493421,0.6742160278745645,25,4.309200000000001,107.73000000000002,0.72
0.05,1.1,0.7365268886613847,0.20629090365186933,0.5981913533317544,0.6742160278745645,122,0.846393442622951,103.26000000000002,0.3114754098360656
0.05,1.2,0.7365268886613847,0.20651443428349722,0.5991494102747374,0.6742160278745645,260,0.44723076923076927,116.28000000000002,0.28846153846153844
0.05,1.3,0.7365268886613847,0.20702978418545137,0.6007900934414877,0.6742160278745645,348,0.2806609195402299,97.67000000000002,0.27873563218390807
0.05,1.5,0.7365268886613847,0.20857708910397904,0.6050993839056713,0.6742160278745645,439,0.24749430523917998,108.65,0.3052391799544419
0.05,1.7,0.7365268886613847,0.21044927126412383,0.6098786496531535,0.6742160278745645,486,0.19899176954732511,96.71000000000001,0.3045267489711934
0.05,2.0,0.7365268886613847,0.21337126004688603,0.6168875949637593,0.6742160278745645,538,0.21282527881040894,114.50000000000001,0.32899628252788105
0.05,2.5,0.7365268886613847,0.2178501239487891,0.6270345179004381,0.6742160278745645,575,0.1907304347826087,109.67,0.33217391304347826
0.05,3.0,0.7365268886613847,0.2215862009847233,0.6351589879835882,0.6742160278745645,590,0.1832372881355932,108.10999999999999,0.3338983050847458
0.1,0.5,0.7396667201164383,0.2221947414654019,0.6568213301959545,0.6753774680603949,640,-0.04668750000000001,-29.880000000000003,0.7296875
0.1,0.6,0.7396667201164383,0.21487545433883506,0.6249460351495594,0.6753774680603949,300,-0.03183333333333334,-9.55,0.7433333333333333
0.1,0.7,0.7396667201164383,0.21017782863898457,0.608058036116406,0.6753774680603949,1,0.32000000000000006,0.32000000000000006,1.0
0.1,0.8,0.7396667201164383,0.20732612503152803,0.5993947125579022,0.6753774680603949,9,7.724444444444446,69.52000000000001,1.0
0.1,0.9,0.7396667201164383,0.20576249406022348,0.5954477241996018,0.6753774680603949,29,4.00448275862069,116.13000000000001,0.7241379310344828
0.1,1.0,0.7396667201164383,0.2050908393005508,0.594279102255154,0.6753774680603949,58,2.1796551724137934,126.42000000000002,0.5517241379310345
0.1,1.1,0.7396667201164383,0.20503185512285987,0.5947692708736367,0.6753774680603949,146,0.8213013698630137,119.91,0.3493150684931507
0.1,1.2,0.7396667201164383,0.2053892407900203,0.5962493293465497,0.6753774680603949,276,0.4658333333333333,128.57,0.3079710144927536
0.1,1.3,0.7396667201164383,0.20602519602569455,0.5983094081721122,0.6753774680603949,356,0.278623595505618,99.19,0.28370786516853935
0.1,1.5,0.7396667201164383,0.20777479073674854,0.6032405436092871,0.6753774680603949,445,0.24606741573033708,109.5,0.30786516853932583
0.1,1.7,0.7396667201164383,0.2098042103234935,0.6084485795456813,0.6753774680603949,491,0.22000000000000003,108.02000000000001,0.31568228105906315
0.1,2.0,0.7396667201164383,0.2128984152722426,0.6158845249893482,0.6753774680603949,538,0.19888475836431233,107.00000000000003,0.32342007434944237
0.1,2.5,0.7396667201164383,0.2175556972477032,0.6264357639482474,0.6753774680603949,578,0.18825259515570936,108.81,0.33217993079584773
0.1,3.0,0.7396667201164383,0.22139439936965857,0.6347780622396133,0.6753774680603949,589,0.18524617996604414,109.11,0.33446519524617996
0.15,0.5,0.7428709653988106,0.22018720015851734,0.6462655660375438,0.6724738675958188,613,-0.03432300163132137,-21.04,0.7357259380097879
0.15,0.6,0.7428709653988106,0.21293504390167436,0.6169308083602039,0.6724738675958188,291,0.02195876288659794,6.390000000000001,0.7525773195876289
0.15,0.7,0.7428709653988106,0.20838162799001025,0.6018100718770404,0.6724738675958188,16,5.3825,86.12,0.9375
0.15,0.8,0.7428709653988106,0.20570483774407272,0.5944221847692253,0.6724738675958188,34,3.9302941176470596,133.63000000000002,0.7941176470588235
0.15,0.9,0.7428709653988106,0.20431991794370374,0.5914217443176378,0.6724738675958188,48,3.0208333333333335,145.0,0.7291666666666666
0.15,1.0,0.7428709653988106,0.2038170662204639,0.5909717950258481,0.6724738675958188,86,1.6308139534883723,140.25000000000003,0.5348837209302325
0.15,1.1,0.7428709653988106,0.20391108536270572,0.592018257418774,0.6724738675958188,170,0.779235294117647,132.47,0.37058823529411766
0.15,1.2,0.7428709653988106,0.20440403287300576,0.5939361711020751,0.6724738675958188,288,0.45614583333333336,131.37,0.3159722222222222
0.15,1.3,0.7428709653988106,0.20515860099698885,0.5963459688453584,0.6724738675958188,364,0.2966208791208792,107.97000000000003,0.2967032967032967
0.15,1.5,0.7428709653988106,0.20710069433509787,0.6017917033778509,0.6724738675958188,448,0.2519419642857143,112.87,0.3125
0.15,1.7,0.7428709653988106,0.20927475210463706,0.6073512627844663,0.6724738675958188,499,0.21462925851703404,107.1,0.3166332665330661
0.15,2.0,0.7428709653988106,0.21252267770164615,0.6151337767058193,0.6724738675958188,542,0.2025461254612546,109.78,0.32656826568265684
0.15,2.5,0.7428709653988106,0.2173338867455737,0.6260084881476218,0.6724738675958188,578,0.18430795847750867,106.53,0.3304498269896194
0.15,3.0,0.7428709653988106,0.22125825401649005,0.6345219395098262,0.6724738675958188,586,0.18745733788395905,109.85,0.33447098976109213
0.2,0.5,0.74604505952797,0.21811759834096486,0.6372351167670748,0.6724738675958188,597,-0.019614740368509208,-11.709999999999997,0.7286432160804021
0.2,0.6,0.74604505952797,0.2110124231002006,0.6101460238559776,0.6724738675958188,298,0.29251677852348995,87.17,0.7583892617449665
0.2,0.7,0.74604505952797,0.20665853886178168,0.5965715966609809,0.6724738675958188,51,2.771176470588235,141.32999999999998,0.803921568627451
0.2,0.8,0.74604505952797,0.2041900752490327,0.5902890647727799,0.6724738675958188,57,2.6531578947368426,151.23000000000002,0.7192982456140351
0.2,0.9,0.74604505952797,0.20300129921430715,0.5881022244058318,0.6724738675958188,75,1.9725333333333337,147.94000000000003,0.6133333333333333
0.2,1.0,0.74604505952797,0.20267410269895836,0.5882656299722387,0.6724738675958188,114,1.2535087719298246,142.9,0.47368421052631576
0.2,1.1,0.74604505952797,0.20292139358914463,0.5897839233644725,0.6724738675958188,184,0.6849999999999999,126.03999999999999,0.358695652173913
0.2,1.2,0.74604505952797,0.20354629487369905,0.5920711706653449,0.6724738675958188,292,0.43647260273972605,127.45,0.3150684931506849
0.2,1.3,0.74604505952797,0.20441374087830555,0.5947744963728401,0.6724738675958188,370,0.30470270270270267,112.73999999999998,0.3054054054054054
0.2,1.5,0.74604505952797,0.20653444181627417,0.6006493703046439,0.6724738675958188,460,0.24984782608695655,114.93,0.3173913043478261
0.2,1.7,0.74604505952797,0.20883922245170403,0.6064997317324038,0.6724738675958188,507,0.20889546351084812,105.91,0.3175542406311637
0.2,2.0,0.74604505952797,0.21222285539282523,0.6145664214354288,0.6724738675958188,539,0.2036549165120594,109.77000000000001,0.32653061224489793
0.2,2.5,0.74604505952797,0.21716631517904572,0.6257029152200233,0.6724738675958188,575,0.18645217391304345,107.20999999999998,0.33043478260869563
0.2,3.0,0.74604505952797,0.22116229085812616,0.634352509481417,0.6724738675958188,586,0.18709897610921503,109.64,0.33447098976109213
0.25,0.5,0.7490026135567809,0.21602705835115518,0.6295393052945928,0.6713124274099884,597,0.11557788944723618,69.0,0.7336683417085427
0.25,0.6,0.7490026135567809,0.20914770004187533,0.6044205920195237,0.6713124274099884,331,0.422416918429003,139.82,0.7341389728096677
0.25,0.7,0.7490026135567809,0.20503818766508172,0.5921893084127758,0.6713124274099884,85,1.868470588235294,158.82,0.7411764705882353
0.25,0.8,0.7490026135567809,0.20279963346283827,0.5868587930561245,0.6713124274099884,76,2.049473684210527,155.76000000000002,0.6578947368421053
0.25,0.9,0.7490026135567809,0.2018143310153454,0.5853677459301116,0.6713124274099884,100,1.4106,141.06,0.52
0.25,1.0,0.7490026135567809,0.20166194873603424,0.5860525353057406,0.6713124274099884,141,0.9431914893617022,132.99,0.425531914893617
0.25,1.1,0.7490026135567809,0.20205728063341083,0.5879697978054379,0.6713124274099884,203,0.6145812807881774,124.76000000000002,0.35467980295566504
0.25,1.2,0.7490026135567809,0.20280676952815918,0.5905678748116757,0.6713124274099884,302,0.4406953642384106,133.09,0.33112582781456956
0.25,1.3,0.7490026135567809,0.20377889770057964,0.5935171719147239,0.6713124274099884,375,0.2979466666666667,111.73000000000002,0.30666666666666664
0.25,1.5,0.7490026135567809,0.20606192344632104,0.5997496190845644,0.6713124274099884,463,0.2557667386609071,118.41999999999999,0.32181425485961124
0.25,1.7,0.7490026135567809,0.20848301349175627,0.6058405344740145,0.6713124274099884,504,0.2240674603174603,112.92999999999999,0.32341269841269843
0.25,2.0,0.7490026135567809,0.21198507878121065,0.6141403596399377,0.6713124274099884,534,0.2055805243445693,109.78,0.3258426966292135
0.25,2.5,0.7490026135567809,0.2170413190983278,0.6254888915743483,0.6713124274099884,574,0.18810104529616722,107.96999999999998,0.3310104529616725
0.25,3.0,0.7490026135567809,0.22109687542171352,0.634246830451504,0.6713124274099884,587,0.185076660988075,108.64000000000001,0.3339011925042589
0.3,0.5,0.751736774950422,0.21397123081028102,0.6230587084150816,0.6707317073170732,628,0.21441082802547773,134.65,0.7308917197452229
0.3,0.6,0.751736774950422,0.20738487230977054,0.5996418457520004,0.6707317073170732,363,0.40438016528925624,146.79000000000002,0.7052341597796143
0.3,0.7,0.751736774950422,0.20354937972362044,0.5885604824682424,0.6707317073170732,127,1.1966141732283464,151.97,0.6456692913385826
0.3,0.8,0.751736774950422,0.20154948106739135,0.5840393534013925,0.6707317073170732,99,1.4654545454545456,145.08,0.5656565656565656
0.3,0.9,0.751736774950422,0.20076553371789768,0.583136440217628,0.6707317073170732,124,1.0701612903225808,132.70000000000002,0.47580645161290325
0.3,1.0,0.751736774950422,0.2007806043316914,0.5842597399162288,0.6707317073170732,159,0.8199371069182391,130.37,0.41509433962264153
0.3,1.1,0.751736774950422,0.20131442142394404,0.5865110594206254,0.6707317073170732,221,0.5579185520361991,123.3,0.3574660633484163
0.3,1.2,0.751736774950422,0.20217835917892632,0.5893683306489657,0.6707317073170732,306,0.4632352941176471,141.75,0.3431372549019608
0.3,1.3,0.751736774950422,0.20324526895707262,0.592521953640341,0.6707317073170732,377,0.310079575596817,116.9,0.3129973474801061
0.3,1.5,0.751736774950422,0.20567285921631362,0.5990498859539808,0.6707317073170732,460,0.27767391304347827,127.73,0.33043478260869563
0.3,1.7,0.751736774950422,0.2081957099986744,0.6053382157042361,0.6707317073170732,501,0.23101796407185632,115.74000000000001,0.3253493013972056
0.3,2.0,0.751736774950422,0.21179967984133866,0.6138277984709223,0.6707317073170732,532,0.20558270676691728,109.36999999999999,0.325187969924812
0.3,2.5,0.751736774950422,0.21695095747660048,0.6253466324929752,0.6707317073170732,572,0.18746503496503494,107.22999999999999,0.3304195804195804
0.3,3.0,0.751736774950422,0.221055543767824,0.6341899207252165,0.6707317073170732,588,0.19397959183673466,114.05999999999999,0.33843537414965985
0.35,0.5,0.754221504076573,0.21201901935239825,0.6177157074874405,0.670150987224158,637,0.21097331240188386,134.39000000000001,0.7111459968602826
0.35,0.6,0.754221504076573,0.20577006890480928,0.5957319432410405,0.670150987224158,386,0.39963730569948186,154.26,0.6968911917098446
0.35,0.7,0.754221504076573,0.20221945478848283,0.5856128651002173,0.670150987224158,176,0.8611363636363637,151.56,0.625
0.35,0.8,0.754221504076573,0.20045380735001525,0.5817656856857958,0.670150987224158,127,1.1806299212598428,149.94000000000003,0.5511811023622047
0.35,0.9,0.754221504076573,0.1998604389827653,0.5813503824138838,0.670150987224158,145,0.8995862068965517,130.44,0.45517241379310347
0.35,1.0,0.754221504076573,0.20003006948593,0.5828358063840097,0.670150987224158,177,0.7294350282485876,129.11,0.4124293785310734
0.35,1.1,0.754221504076573,0.20068935891318893,0.5853619610297824,0.670150987224158,243,0.5454320987654321,132.54,0.37448559670781895
0.35,1.2,0.754221504076573,0.20165550269827162,0.5884317069850119,0.670150987224158,318,0.434811320754717,138.27,0.3490566037735849
0.35,1.3,0.754221504076573,0.20280606629233588,0.5917522348602401,0.670150987224158,390,0.3357948717948717,130.95999999999998,0.3333333333333333
0.35,1.5,0.754221504076573,0.20535950515459211,0.5985203182481414,0.670150987224158,461,0.2741431670281996,126.38,0.3318872017353579
0.35,1.7,0.754221504076573,0.2079695935057378,0.6049679683032999,0.670150987224158,504,0.23640873015873015,119.14999999999999,0.32936507936507936
0.35,2.0,0.754221504076573,0.2116596134266776,0.6136093477605268,0.670150987224158,534,0.19926966292134832,106.41,0.32397003745318353
0.35,2.5,0.754221504076573,0.2168895420735128,0.6252623827301197,0.670150987224158,570,0.18689473684210525,106.53,0.3298245614035088
0.35,3.0,0.754221504076573,0.22103371360251078,0.6341713905716828,0.670150987224158,587,0.19206132879045995,112.74,0.3373083475298126
0.4,0.5,0.7559702709629319,0.21024852839489386,0.6134579013247431,0.6666666666666666,638,0.2161598746081505,137.91000000000003,0.7021943573667712
0.4,0.6,0.7559702709629319,0.20434917446621417,0.592635119932125,0.6666666666666666,407,0.372923832923833,151.78000000000003,0.683046683046683
0.4,0.7,0.7559702709629319,0.20107353826966254,0.5832938935710049,0.6666666666666666,209,0.7560287081339713,158.01,0.6363636363636364
0.4,0.8,0.7559702709629319,0.19952499257337733,0.5799902679983521,0.6666666666666666,147,1.0057823129251702,147.85000000000002,0.5374149659863946
0.4,0.9,0.7559702709629319,0.19910370274296632,0.579967237930615,0.6666666666666666,172,0.8095348837209303,139.24,0.45348837209302323
0.4,1.0,0.7559702709629319,0.1994103441987499,0.581743161059319,0.6666666666666666,192,0.6691145833333335,128.47000000000003,0.4114583333333333
0.4,1.1,0.7559702709629319,0.20017931236331737,0.5844891125944272,0.6666666666666666,259,0.5356370656370656,138.73,0.38223938223938225
0.4,1.2,0.7559702709629319,0.20123379293570004,0.5877282260084181,0.6666666666666666,321,0.4395327102803738,141.08999999999997,0.3582554517133956
0.4,1.3,0.7559702709629319,0.20245597242090077,0.5911813376874699,0.6666666666666666,390,0.37051282051282053,144.5,0.3487179487179487
0.4,1.5,0.7559702709629319,0.2051158972375868,0.5981391833461949,0.6666666666666666,463,0.26155507559395247,121.1,0.3304535637149028
0.4,1.7,0.7559702709629319,0.20779878736572896,0.60471174434686,0.6666666666666666,508,0.23907480314960627,121.44999999999999,0.33267716535433073
0.4,2.0,0.7559702709629319,0.2115595758134652,0.6134709063464142,0.6666666666666666,536,0.1985820895522388,106.44,0.3246268656716418
0.4,2.5,0.7559702709629319,0.21685283594250385,0.6252261376813593,0.6666666666666666,572,0.19045454545454546,108.94,0.3321678321678322
0.4,3.0,0.7559702709629319,0.22102799102055895,0.6341836787840134,0.6666666666666666,585,0.19223931623931625,112.46000000000001,0.3367521367521368
0.45,0.5,0.7574010802335891,0.2087402013333789,0.6102482460393409,0.664924506387921,636,0.2200943396226415,139.98,0.6981132075471698
0.45,0.6,0.7574010802335891,0.20316506792083314,0.5903102199564129,0.664924506387921,416,0.3785576923076924,157.48000000000002,0.6875
0.45,0.7,0.7574010802335891,0.20013377718664457,0.5815644449423183,0.664924506387921,244,0.6406147540983607,156.31,0.6270491803278688
0.45,0.8,0.7574010802335891,0.19877354668287198,0.5786776636586105,0.664924506387921,177,0.7736158192090395,136.93,0.5028248587570622
0.45,0.9,0.7574010802335891,0.19849917808406897,0.5789554275102883,0.664924506387921,188,0.765,143.82,0.46808510638297873
0.45,1.0,0.7574010802335891,0.1989214284701512,0.5809537734285058,0.664924506387921,215,0.6365581395348838,136.86,0.42790697674418604
0.45,1.1,0.7574010802335891,0.19978205099227292,0.5838675999568764,0.664924506387921,269,0.5112267657992564,137.51999999999998,0.3828996282527881
0.45,1.2,0.7574010802335891,0.20090972881064334,0.5872356609475436,0.664924506387921,332,0.4298493975903614,142.70999999999998,0.3644578313253012
0.45,1.3,0.7574010802335891,0.2021907946265791,0.5907893388696038,0.664924506387921,388,0.37902061855670105,147.06,0.35309278350515466
0.45,1.5,0.7574010802335891,0.2049373807941672,0.5978902280571923,0.664924506387921,462,0.2685930735930736,124.09,0.3333333333333333
0.45,1.7,0.7574010802335891,0.2076787340310014,0.6045560224937668,0.664924506387921,509,0.23889980353634577,121.6,0.33398821218074654
0.45,2.0,0.7574010802335891,0.21149547552672956,0.6134018784135644,0.664924506387921,539,0.19933209647495362,107.44,0.32653061224489793
0.45,2.5,0.7574010802335891,0.21683758085820773,0.6252303410488371,0.664924506387921,576,0.18949652777777776,109.14999999999999,0.3333333333333333
0.45,3.0,0.7574010802335891,0.22103576593898835,0.6342210463655772,0.664924506387921,586,0.18203071672354948,106.67,0.33276450511945393
0.5,0.5,0.7590114259165609,0.2075680636181059,0.6080587681000141,0.6724738675958188,628,0.2257802547770701,141.79000000000002,0.6942675159235668
0.5,0.6,0.7590114259165608,0.20225481351473315,0.5887260626706787,0.6724738675958188,420,0.3862380952380952,162.22,0.6880952380952381
0.5,0.7,0.7590114259165608,0.1994186378843914,0.5803949984276322,0.6724738675958188,276,0.5455434782608696,150.57,0.6086956521739131
0.5,0.8,0.7590114259165608,0.19820804227029742,0.577801178586686,0.6724738675958188,204,0.6534313725490196,133.3,0.5
0.5,0.9,0.7590114259165608,0.19804996401328911,0.5782911641904639,0.6724738675958188,206,0.6772815533980583,139.52,0.46116504854368934
0.5,1.0,0.7590114259165608,0.19856332230013388,0.5804465091373486,0.6724738675958188,230,0.5726086956521739,131.7,0.4217391304347826
0.5,1.1,0.7590114259165608,0.19949580805784886,0.5834786081315665,0.6724738675958188,282,0.5005319148936171,141.15000000000003,0.3900709219858156
0.5,1.2,0.7590114259165608,0.20068054897144627,0.5869371924222356,0.6724738675958188,334,0.4296107784431138,143.49,0.3712574850299401
0.5,1.3,0.7590114259165608,0.20200723501192885,0.5905611278217288,0.6724738675958188,388,0.3835567010309278,148.82,0.3582474226804124
0.5,1.5,0.7590114259165608,0.2048203041390151,0.5977610639842249,0.6724738675958188,465,0.27346236559139786,127.16,0.33763440860215055
0.5,1.7,0.7590114259165608,0.20760585904059967,0.6044904430696337,0.6724738675958188,510,0.2269411764705882,115.73999999999998,0.33137254901960783
0.5,2.0,0.7590114259165608,0.21146409736165703,0.6133940827606824,0.6724738675958188,537,0.19875232774674115,106.72999999999999,0.3258845437616387
0.5,2.5,0.7590114259165608,0.21684120059879888,0.6252690874872834,0.6724738675958188,574,0.192212543554007,110.33000000000001,0.3344947735191638
0.5,3.0,0.7590114259165608,0.2210549594632204,0.6342789594598474,0.6724738675958188,586,0.1813651877133106,106.28,0.33276450511945393
0.55,0.5,0.7603695983181138,0.20679088915927993,0.6068660944526277,0.681184668989547,619,0.23421647819063007,144.98000000000002,0.6930533117932148
0.55,0.6,0.7603695983181138,0.2016471960719656,0.5878585999281868,0.681184668989547,436,0.3588073394495413,156.44,0.6697247706422018
0.55,0.7,0.7603695983181138,0.19894233146686707,0.5797631839412721,0.681184668989547,300,0.4973333333333333,149.2,0.6033333333333334
0.55,0.8,0.7603695983181138,0.1978350576838188,0.5773407277512338,0.681184668989547,222,0.6258108108108108,138.93,0.5045045045045045
0.55,0.9,0.7603695983181138,0.19775843899803938,0.5779565620004067,0.681184668989547,227,0.647488986784141,146.98000000000002,0.4669603524229075
0.55,1.0,0.7603695983181138,0.1983360256886979,0.5802054399322156,0.681184668989547,245,0.5648979591836736,138.40000000000003,0.42857142857142855
0.55,1.1,0.7603695983181138,0.1993192217306549,0.5833079029742299,0.681184668989547,294,0.5034013605442177,148.0,0.3979591836734694
0.55,1.2,0.7603695983181138,0.20054411831396712,0.586820037898279,0.681184668989547,341,0.4236656891495601,144.47,0.375366568914956
0.55,1.3,0.7603695983181138,0.201902734867665,0.5904851637457567,0.681184668989547,389,0.38488431876606694,149.72000000000003,0.35989717223650386
0.55,1.5,0.7603695983181138,0.20476181306913124,0.5977421314771773,0.681184668989547,462,0.2792857142857143,129.03,0.3398268398268398
0.55,1.7,0.7603695983181138,0.20757734690700178,0.6045069296247326,0.681184668989547,508,0.23566929133858266,119.72,0.3346456692913386
0.55,2.0,0.7603695983181138,0.21146287918782222,0.6134410474269762,0.681184668989547,541,0.20863216266173754,112.87,0.33271719038817005
0.55,2.5,0.7603695983181138,0.21686160398097432,0.625337602835537,0.681184668989547,567,0.19763668430335096,112.06,0.3350970017636684
0.55,3.0,0.7603695983181138,0.22108385580453502,0.6343536841608088,0.681184668989547,587,0.18206132879045997,106.87,0.3339011925042589
0.6,0.5,0.761319359644326,0.20644536820341192,0.6066444832888033,0.6858304297328688,618,0.2354045307443366,145.48000000000002,0.686084142394822
0.6,0.6,0.7613234711652188,0.20136094995537246,0.5876888955105849,0.6858304297328688,440,0.3605,158.62,0.6613636363636364
0.6,0.7,0.7613234711652188,0.19871441814283478,0.5796521801910351,0.6858304297328688,320,0.46168750000000003,147.74,0.603125
0.6,0.8,0.7613234711652188,0.19765914030012155,0.5772814397012345,0.6858304297328688,245,0.5902448979591838,144.61,0.5142857142857142
0.6,0.9,0.7613234711652188,0.19762628444746838,0.5779383982425945,0.6858304297328688,239,0.601589958158996,143.78000000000003,0.46443514644351463
0.6,1.0,0.7613234711652188,0.19823953863584326,0.5802187359838584,0.6858304297328688,263,0.500722433460076,131.69,0.41825095057034223
0.6,1.1,0.7613234711652188,0.19925129492242735,0.5833448335669682,0.6858304297328688,301,0.49926910299003324,150.28,0.4053156146179402
0.6,1.2,0.7613234711652188,0.20049885104672394,0.5868745482139304,0.6858304297328688,346,0.41427745664739885,143.34,0.37572254335260113
0.6,1.3,0.7613234711652188,0.20187536916128807,0.5905526531718339,0.6858304297328688,391,0.38708439897698216,151.35000000000002,0.3657289002557545
0.6,1.5,0.7613234711652188,0.20475971107485438,0.5978260081368678,0.6858304297328688,464,0.28133620689655175,130.54000000000002,0.3426724137931034
0.6,1.7,0.7613234711652188,0.20759098783076035,0.604599097304311,0.6858304297328688,507,0.24218934911242598,122.78999999999998,0.33727810650887574
0.6,2.0,0.7613234711652188,0.2114897578055732,0.6135375282257998,0.6858304297328688,542,0.21361623616236164,115.78,0.33579335793357934
0.6,2.5,0.7613234711652188,0.2168970465629713,0.6254318820459505,0.6858304297328688,566,0.1989929328621908,112.63,0.33568904593639576
0.6,3.0,0.7613234711652188,0.22112098245749578,0.6344419992919582,0.6858304297328688,586,0.18349829351535837,107.53,0.33447098976109213
0.65,0.5,0.7617305117335955,0.2065424658654972,0.607332285132644,0.6846689895470384,611,0.24535188216039283,149.91000000000003,0.6857610474631751
0.65,0.6,0.7617346232544882,0.20140392262238474,0.5882015403491202,0.6846689895470384,444,0.3533783783783784,156.9,0.6576576576576577
0.65,0.7,0.7617346232544882,0.19873962273104379,0.5800496667371305,0.6846689895470384,337,0.4128486646884273,139.13,0.5875370919881305
0.65,0.8,0.7617346232544882,0.19768279600207128,0.5776127398772262,0.6846689895470384,265,0.559433962264151,148.25,0.5169811320754717
0.65,0.9,0.7617346232544882,0.19765450120639202,0.5782272990941336,0.6846689895470384,256,0.5628906250000001,144.10000000000002,0.46875
0.65,1.0,0.7617346232544882,0.19827386114157,0.5804779341499173,0.6846689895470384,278,0.4800719424460432,133.46,0.4244604316546763
0.65,1.1,0.7617346232544882,0.19929136951519258,0.583581668887926,0.6846689895470384,310,0.47948387096774187,148.64,0.4032258064516129
0.65,1.2,0.7617346232544882,0.20054366087043618,0.5870936018186091,0.6846689895470384,350,0.41640000000000005,145.74,0.38
0.65,1.3,0.7617346232544882,0.20192377731239505,0.5907569932671646,0.6846689895470384,391,0.3673657289002557,143.64,0.3631713554987212
0.65,1.5,0.7617346232544882,0.2048123650449406,0.5980069311027719,0.6846689895470384,461,0.29065075921908895,133.99,0.3470715835140998
0.65,1.7,0.7617346232544882,0.20764507157269466,0.6047618356293799,0.6846689895470384,503,0.25041749502982114,125.96000000000002,0.3399602385685885
0.65,2.0,0.7617346232544882,0.21154305850198923,0.6136791592330249,0.6846689895470384,541,0.21968576709796672,118.85,0.33826247689463956
0.65,2.5,0.7617346232544882,0.21694602689129294,0.6255484152703947,0.6846689895470384,568,0.2009154929577465,114.12,0.3380281690140845
0.65,3.0,0.7617346232544882,0.22116501705153954,0.6345409717960275,0.6846689895470384,584,0.1875513698630137,109.53,0.3356164383561644
0.7,0.5,0.76172228869181,0.2070707740060441,0.6089499469579184,0.6806039488966318,605,0.2490909090909091,150.70000000000002,0.6809917355371901
0.7,0.6,0.7617236591987743,0.20177325973053814,0.5893843019927935,0.6806039488966318,453,0.33532008830022075,151.9,0.6490066225165563
0.7,0.7,0.7617236591987743,0.199017872039328,0.5809471622389537,0.6806039488966318,347,0.39706051873198855,137.78000000000003,0.5850144092219021
0.7,0.8,0.7617236591987743,0.19790650787741518,0.5783277659117783,0.6806039488966318,289,0.5087543252595156,147.03,0.5190311418685121
0.7,0.9,0.7617236591987743,0.19784342082156167,0.5788172180519288,0.6806039488966318,272,0.510625,138.89,0.45955882352941174
0.7,1.0,0.7617236591987743,0.19843899320587813,0.5809774647687705,0.6806039488966318,284,0.46919014084507044,133.25,0.4225352112676056
0.7,1.1,0.7617236591987743,0.19943911248296728,0.584013162071109,0.6806039488966318,321,0.4599376947040498,147.64,0.40186915887850466
0.7,1.2,0.7617236591987743,0.20067793306039913,0.5874721989762334,0.6806039488966318,353,0.4185835694050991,147.76,0.38526912181303113
0.7,1.3,0.7617236591987743,0.2020471225285751,0.5910933907519316,0.6806039488966318,394,0.36540609137055846,143.97000000000003,0.36548223350253806
0.7,1.5,0.7617236591987743,0.20491864483207833,0.5982804551369868,0.6806039488966318,458,0.3077729257641922,140.96,0.3537117903930131
0.7,1.7,0.7617236591987743,0.2077383144334466,0.6049909970325876,0.6806039488966318,504,0.24809523809523812,125.04,0.3412698412698413
0.7,2.0,0.7617236591987743,0.2116214125956521,0.6138621770825858,0.6806039488966318,537,0.22424581005586589,120.41999999999999,0.33891992551210426
0.7,2.5,0.7617236591987743,0.2170072014356986,0.6256839558433437,0.6806039488966318,567,0.20202821869488535,114.55,0.3386243386243386
0.7,3.0,0.7617236591987743,0.22121470603014903,0.634647756364254,0.6806039488966318,587,0.1879045996592845,110.3,0.3373083475298126
0.75,0.5,0.761561939376995,0.2079983953495988,0.6114754926380663,0.6806039488966318,597,0.2531490787269682,151.13,0.6767169179229481
0.75,0.6,0.7615633098839593,0.20245648335342495,0.5912276842727759,0.6806039488966318,458,0.3207423580786026,146.89999999999998,0.6419213973799127
0.75,0.7,0.7615633098839593,0.19954454335807106,0.5823396546809628,0.6806039488966318,367,0.39787465940054506,146.02000000000004,0.5885558583106267
0.75,0.8,0.7615633098839593,0.19832878464736825,0.5794230331958476,0.6806039488966318,318,0.4734591194968554,150.56,0.5220125786163522
0.75,0.9,0.7615633098839593,0.1981927124187389,0.5797051343504382,0.6806039488966318,284,0.5014788732394366,142.42,0.46830985915492956
0.75,1.0,0.7615633098839593,0.19873493482876764,0.5817143706203479,0.6806039488966318,295,0.4694915254237288,138.5,0.43050847457627117
0.75,1.1,0.7615633098839593,0.19969451287235435,0.584636280714917,0.6806039488966318,333,0.4445945945945946,148.05,0.40540540540540543
0.75,1.2,0.7615633098839593,0.20090151622925748,0.5880071980415276,0.6806039488966318,362,0.40107734806629836,145.19,0.3839779005524862
0.75,1.3,0.7615633098839593,0.20224507618561932,0.5915586013826217,0.6806039488966318,396,0.3608585858585858,142.89999999999998,0.3712121212121212
0.75,1.5,0.7615633098839593,0.20507789057651515,0.5986431957236467,0.6806039488966318,457,0.3145733041575492,143.76,0.35667396061269147
0.75,1.7,0.7615633098839593,0.20786981101997445,0.6052831435693417,0.6806039488966318,501,0.25415169660678644,127.33,0.34331337325349304
0.75,2.0,0.7615633098839593,0.21172369229360216,0.6140831753300204,0.6806039488966318,538,0.22197026022304836,119.42000000000002,0.3382899628252788
0.75,2.5,0.7615633098839593,0.21707930568610972,0.6258352915288486,0.6806039488966318,565,0.202,114.13000000000001,0.3380530973451327
0.75,3.0,0.7615633098839593,0.22126878225205723,0.6347593847867975,0.6806039488966318,588,0.1848639455782313,108.7,0.336734693877551
0.8,0.5,0.7609356176943414,0.20928000124646015,0.6148886485129107,0.6806039488966318,600,0.2479,148.74,0.6716666666666666
0.8,0.6,0.7609369882013055,0.20343324417115155,0.5937254259068641,0.6806039488966318,467,0.3125910064239829,145.98000000000002,0.6381156316916489
0.8,0.7,0.7609369882013055,0.20031089467741767,0.5842254770184796,0.6806039488966318,382,0.40657068062827223,155.31,0.5890052356020943
0.8,0.8,0.7609369882013055,0.19894623714704904,0.5808983114535181,0.6806039488966318,336,0.4683928571428571,157.38,0.5386904761904762
0.8,0.9,0.7609369882013055,0.19870138525173267,0.5808909359081065,0.6806039488966318,296,0.4826351351351352,142.86,0.46959459459459457
0.8,1.0,0.7609369882013055,0.19916168601023845,0.5826881842541101,0.6806039488966318,306,0.4505882352941176,137.88,0.43137254901960786
0.8,1.1,0.7609369882013055,0.20005788992771492,0.5854500695353495,0.6806039488966318,338,0.43420118343195274,146.76000000000002,0.40532544378698226
0.8,1.2,0.7609369882013055,0.2012147341937518,0.5886971592427366,0.6806039488966318,363,0.4035537190082645,146.49,0.3856749311294766
0.8,1.3,0.7609369882013055,0.20251782735978913,0.5921507540849534,0.6806039488966318,397,0.3685894206549118,146.32999999999998,0.37531486146095716
0.8,1.5,0.7609369882013055,0.20528990599813285,0.5990926182528248,0.6806039488966318,459,0.32248366013071894,148.01999999999998,0.3616557734204793
0.8,1.7,0.7609369882013055,0.20803900628034058,0.6056353103413642,0.6806039488966318,497,0.25609657947686115,127.27999999999999,0.3440643863179074
0.8,2.0,0.7609369882013055,0.21184895433356546,0.6143388450936349,0.6806039488966318,537,0.22297951582867784,119.74,0.33891992551210426
0.8,2.5,0.7609369882013055,0.21716106829416043,0.6259989744488097,0.6806039488966318,564,0.2041312056737589,115.13000000000001,0.33865248226950356
0.8,3.0,0.7609369882013055,0.22132586616802524,0.6348725017249633,0.6806039488966318,586,0.18800341296928327,110.17,0.3378839590443686
0.85,0.5,0.7598200250254571,0.2108632102870746,0.6191704318389725,0.6806039488966318,599,0.23791318864774622,142.51,0.66110183639399
0.85,0.6,0.7598213955324213,0.20467740561226017,0.5968738846090583,0.6806039488966318,478,0.30642259414225936,146.46999999999997,0.6338912133891214
0.85,0.7,0.7598213955324213,0.20130463364678378,0.5866064193052186,0.6806039488966318,399,0.4016040100250627,160.24,0.5889724310776943
0.85,0.8,0.7598213955324213,0.19975367918098572,0.5827567070191914,0.6806039488966318,353,0.4354390934844193,153.71,0.5354107648725213
0.85,0.9,0.7598213955324213,0.19936778614723444,0.582377480993057,0.6806039488966318,314,0.45748407643312106,143.65,0.4745222929936306
0.85,1.0,0.7598213955324213,0.19971924675029065,0.5839009545904967,0.6806039488966318,324,0.41101851851851856,133.17000000000002,0.43209876543209874
0.85,1.1,0.7598213955324213,0.20052991420156982,0.5864556309638704,0.6806039488966318,347,0.4265706051873198,148.01999999999998,0.4092219020172911
0.85,1.2,0.7598213955324213,0.20161842150642154,0.5895422751209792,0.6806039488966318,372,0.3847849462365591,143.14,0.3897849462365591
0.85,1.3,0.7598213955324213,0.20286612185601227,0.5928692320453776,0.6806039488966318,401,0.35416458852867827,142.01999999999998,0.3765586034912718
0.85,1.5,0.7598213955324213,0.20555498043193665,0.599626832630733,0.6806039488966318,457,0.32673960612691466,149.32,0.36323851203501095
0.85,1.7,0.7598213955324213,0.20824568636233928,0.6060447343506845,0.6806039488966318,498,0.25502008032128515,127.00000000000001,0.3453815261044177
0.85,2.0,0.7598213955324213,0.2119963834428953,0.6146256396257793,0.6806039488966318,534,0.22805243445692885,121.78,0.3408239700374532
0.85,2.5,0.7598213955324213,0.217251099317948,0.6261709385752495,0.6806039488966318,564,0.19932624113475178,112.42,0.33687943262411346
0.85,3.0,0.7598213955324213,0.22138432596390112,0.6349829738322282,0.6806039488966318,586,0.18380546075085324,107.71000000000001,0.3361774744027304
0.9,0.5,0.758105520813204,0.21269415255366217,0.6243063292611641,0.6794425087108014,596,0.2422651006711409,144.39,0.662751677852349
0.9,0.6,0.758105520813204,0.20615924663534999,0.6006744838099084,0.6794425087108014,495,0.30125252525252527,149.12,0.6282828282828283
0.9,0.7,0.758105520813204,0.20251057488878432,0.5894881083575304,0.6794425087108014,420,0.3860238095238095,162.13,0.5904761904761905
0.9,0.8,0.758105520813204,0.20074424708984992,0.5850049823071974,0.6794425087108014,367,0.4017438692098093,147.44000000000003,0.5313351498637602
0.9,0.9,0.758105520813204,0.200189589894562,0.5841708644308897,0.6794425087108014,328,0.4168292682926829,136.72,0.4695121951219512
0.9,1.0,0.758105520813204,0.20040761704892426,0.5853574380936081,0.6794425087108014,333,0.3884684684684685,129.36,0.4294294294294294
0.9,1.1,0.758105520813204,0.20111164588999053,0.5876562247734767,0.6794425087108014,355,0.4236901408450705,150.41000000000003,0.4169014084507042
0.9,1.2,0.758105520813204,0.20211399116791465,0.5905443723840256,0.6794425087108014,374,0.38326203208556153,143.34,0.39037433155080214
0.9,1.3,0.758105520813204,0.20329134182226172,0.5937145785202332,0.6794425087108014,404,0.35938118811881187,145.19,0.3811881188118812
0.9,1.5,0.758105520813204,0.20587394931864603,0.6002443288810925,0.6794425087108014,457,0.33461706783369805,152.92000000000002,0.3676148796498906
0.9,1.7,0.758105520813204,0.20848999036440352,0.6065084575394,0.6794425087108014,494,0.2619838056680162,129.42000000000002,0.3481781376518219
0.9,2.0,0.758105520813204,0.21216522221800133,0.6149392426713699,0.6794425087108014,535,0.22435514018691588,120.03,0.3401869158878505
0.9,2.5,0.758105520813204,0.21734771680246623,0.626345859606607,0.6794425087108014,563,0.2008703374777975,113.09,0.33747779751332146
0.9,3.0,0.758105520813204,0.22144204717737248,0.6350852189154664,0.6794425087108014,582,0.18384879725085912,107.0,0.33505154639175255
0.95,0.5,0.7555591188736626,0.21472109996857802,0.6302640311640729,0.6777003484320557,599,0.24003338898163612,143.78000000000003,0.656093489148581
0.95,0.6,0.7555659714084837,0.20784740540912075,0.6051321624246763,0.6777003484320557,500,0.30558,152.79000000000002,0.628
0.95,0.7,0.7555659714084837,0.20391133914191908,0.5928810109639736,0.6777003484320557,432,0.3592361111111111,155.19,0.5787037037037037
0.95,0.8,0.7555659714084837,0.20190952999061174,0.5876541997206621,0.6777003484320557,378,0.3984126984126985,150.60000000000002,0.5343915343915344
0.95,0.9,0.7555659714084837,0.20116377854221634,0.5862809613117385,0.6777003484320557,344,0.3920058139534884,134.85,0.47093023255813954
0.95,1.0,0.7555659714084837,0.20122679690613918,0.5870655023210931,0.6777003484320557,345,0.3847826086956522,132.75,0.43478260869565216
0.95,1.1,0.7555659714084837,0.20180459926651118,0.5890575006857358,0.6777003484320557,360,0.42933333333333334,154.56,0.425
0.95,1.2,0.7555659714084837,0.2027035529351201,0.5917069598814875,0.6777003484320557,378,0.3876984126984127,146.55,0.3968253968253968
0.95,1.3,0.7555659714084837,0.20379565087614002,0.5946883606436866,0.6777003484320557,408,0.3637254901960785,148.40000000000003,0.3872549019607843
0.95,1.5,0.7555659714084837,0.20624831730000506,0.6009435068116437,0.6777003484320557,457,0.33089715536105024,151.21999999999997,0.36980306345733044
0.95,1.7,0.7555659714084837,0.20877245131074648,0.6070225883714667,0.6777003484320557,487,0.2732032854209446,133.05,0.351129363449692
0.95,2.0,0.7555659714084837,0.21235466001522837,0.6152735484647982,0.6777003484320557,533,0.2271294559099437,121.06,0.34146341463414637
0.95,2.5,0.7555659714084837,0.21744862826288883,0.6265158952044069,0.6777003484320557,564,0.2021099290780142,113.99000000000001,0.33865248226950356
0.95,3.0,0.7555659714084837,0.2214959916425034,0.6351708674287547,0.6777003484320557,581,0.18530120481927712,107.66,0.33562822719449226
1.0,0.5,0.7525165934130694,0.21689826630694162,0.6370563884518589,0.6782810685249709,603,0.24121061359867327,145.45,0.6533996683250415
1.0,0.6,0.7525234459478906,0.20971056080830064,0.6102570314439454,0.6782810685249709,507,0.3136686390532545,159.03000000000003,0.6272189349112426
1.0,0.7,0.7525234459478907,0.2054880257585994,0.5968012522379359,0.6782810685249709,441,0.34721088435374153,153.12,0.5782312925170068
1.0,0.8,0.7525234459478907,0.20323969875347583,0.590720890578635,0.6782810685249709,390,0.37051282051282053,144.5,0.5282051282051282
1.0,0.9,0.7525234459478907,0.20228660095413492,0.5887224154479088,0.6782810685249709,361,0.37481994459833795,135.31,0.47645429362880887
1.0,1.0,0.7525234459478907,0.20217678632193548,0.5890368450656678,0.6782810685249709,356,0.3793539325842697,135.05,0.43820224719101125
1.0,1.1,0.7525234459478907,0.2026108531503486,0.5906678770557555,0.6782810685249709,374,0.4099465240641711,153.32,0.42780748663101603
1.0,1.2,0.7525234459478907,0.20339012527328532,0.5930352278534331,0.6782810685249709,380,0.3886578947368421,147.69,0.4052631578947368
1.0,1.3,0.7525234459478907,0.20438226543601265,0.5957927792422866,0.6782810685249709,409,0.37002444987775057,151.33999999999997,0.39119804400978
1.0,1.5,0.7525234459478907,0.20668050762698817,0.6017215527925348,0.6782810685249709,457,0.3214660831509847,146.91,0.3676148796498906
1.0,1.7,0.7525234459478907,0.20909409188575118,0.6075805655189913,0.6782810685249709,487,0.2805954825462012,136.64999999999998,0.35523613963039014
1.0,2.0,0.7525234459478907,0.21256360813966804,0.6156182539999993,0.6782810685249709,536,0.22361940298507466,119.86000000000001,0.3414179104477612
1.0,2.5,0.7525234459478907,0.21755022468140714,0.6266676712088953,0.6782810685249709,563,0.20346358792184727,114.55000000000001,0.3392539964476021
1.0,3.0,0.7525234459478907,0.2215411831435612,0.6352255261068093,0.6782810685249709,579,0.18438687392055267,106.75999999999999,0.33506044905008636
