scenario,timing,tax_rate,staking_strategy,canonical_match_id,golgg_match_id,date,league,best_of,team_a_name,team_b_name,side,bookmaker_id,bookmaker_name,odds_snapshot_id,placed_at,start_at,settled_at,hours_before_start,settlement_delay_hours,entry_odds,close_odds_same_book,clv_odds_pct,model_probability,market_probability_novig,probability_edge,breakeven_probability,expected_value,stake,tax_paid,expected_profit,profit,return_on_stake,result,won,bankroll_before_placement,available_before_placement,reserved_after_placement,bankroll_after_settlement
poland_tax_12,close,0.12,fractional_kelly,53,79078,2026-05-29,NLC,3,Arctic Pandas,Bulldog Esports,a,7,betfan,9476,2026-05-29T17:24:37+00:00,2026-05-29T18:00:00+00:00,2026-06-03T05:13:15.347314+00:00,0.5897222222222223,107.22092980944444,1.8,1.8,0.0,0.6962827469293309,0.5135135135135135,0.1827692334158174,0.6313131313131313,0.10291187113606015,44.05473935619015,5.2865687227428175,4.533755659556958,25.72796778401505,0.5840000000000001,won,True,1000.0,1000.0,44.05473935619015,1028.670031093393
poland_tax_12,close,0.12,fractional_kelly,11,78890,2026-05-30,LCK,3,KT Rolster,SOOPers,b,2,sts,9775,2026-05-30T07:11:44+00:00,2026-05-30T08:00:00+00:00,2026-06-03T05:13:15.313513+00:00,0.8044444444444444,93.22092042027776,8.15,8.15,0.0,0.1545990539410358,0.1141304347826087,0.04046861915842709,0.13943112102621305,0.1087844148651087,4.21224667134684,0.5054696005616207,0.4582267894099678,-4.21224667134684,-1.0,lost,False,1000.0,955.9452606438099,48.26698602753699,985.4228032573476
poland_tax_12,close,0.12,fractional_kelly,19,79038,2026-05-30,Rift Legends,5,Barczaca,BOMBA,b,7,betfan,9989,2026-05-30T13:22:58+00:00,2026-05-30T15:00:00+00:00,2026-06-03T05:13:15.332962+00:00,1.6172222222222221,86.22092582277777,2.0,2.0,0.0,0.6100176056702229,0.4666666666666667,0.14335093900355622,0.5681818181818182,0.07363098597959228,23.05165796319787,2.7661989555837443,1.697316304294579,17.51926005203038,0.76,won,True,1000.0,951.733013972463,71.31864399073486,1002.942063309378
poland_tax_12,close,0.12,fractional_kelly,634,79280,2026-06-07,LCP,5,Deep Cross Gaming,Team Secret Whales,a,3,betclic,10333,2026-05-30T23:37:38+00:00,2026-06-07T09:00:00+00:00,2026-06-14T17:52:18.510255+00:00,177.37277777777777,176.87180840416667,4.8,4.8,0.0,0.2611218224120957,0.19055649241146713,0.07056533000062856,0.23674242424242423,0.10297857786869224,7.415809967044264,0.8898971960453116,0.7636695641506918,-7.415809967044264,-1.0,lost,False,1000.0,928.6813560092652,78.73445395777912,1144.2341235444694
poland_tax_12,close,0.12,fractional_kelly,23,78847,2026-05-31,LCS,5,Liquid,Shopify Rebellion,b,2,sts,11047,2026-05-31T18:12:27+00:00,2026-05-31T20:00:00+00:00,2026-06-03T05:04:15.845761+00:00,1.7925,57.071068266944444,8.15,8.15,0.0,0.17815938347693505,0.1141304347826087,0.06402894869432635,0.13943112102621305,0.2777590982965783,10.364950071305577,1.2437940085566692,2.878959185694892,-10.364950071305577,-1.0,lost,False,1000.0,921.2655460422209,89.0994040290847,989.6350499286945
poland_tax_12,close,0.12,fractional_kelly,130,79167,2026-06-01,LEC,5,Karmine Corp,GIANTX,b,4,superbet,11065,2026-05-31T18:12:57+00:00,2026-06-01T15:00:00+00:00,2026-06-14T17:52:18.467945+00:00,20.784166666666668,314.8717966513889,4.9,4.9,0.0,0.25429461848690593,0.18604651162790697,0.06824810685899896,0.23191094619666047,0.09651839491553837,6.636372543079722,0.7963647051695666,0.6405320259196043,-6.636372543079722,-1.0,lost,False,1000.0,910.9005959709153,95.73577657216441,1151.6499335115136
poland_tax_12,close,0.12,fractional_kelly,398,79092,2026-06-02,Inygon / LPLOL,5,Crusaders,Bubliki,b,8,totalbet,12777,2026-06-02T16:55:02+00:00,2026-06-02T18:00:00+00:00,2026-06-14T17:52:18.439244+00:00,1.0827777777777778,287.8717886788889,3.05,3.05,0.0,0.5861981217032108,0.3036529680365297,0.28254515366668115,0.3725782414307005,0.5733557586514177,76.96928441876513,9.236314130251815,44.13078246077783,129.61627496120045,1.6839999999999997,won,True,1000.0,904.2642234278355,172.70506099092955,1158.2863060545933
poland_tax_12,close,0.12,fractional_kelly,6436,79300,2026-06-08,EMEA Masters,1,Karmine Corp Blue,Partizan Sangal,b,9,lebull,17576,2026-06-08T14:55:05+00:00,2026-06-08T15:00:00+00:00,2026-06-14T17:52:18.529414+00:00,0.08194444444444444,146.8718137261111,2.97,2.97,0.0,0.8668515449623309,0.30769230769230765,0.5591592372700231,0.3826140189776553,1.2656031979135483,183.85768178694263,22.062921814433114,232.69087003052613,-183.85768178694263,-1.0,lost,False,1028.670031093393,937.6485641645038,274.8791487158318,960.3764417575268
poland_tax_12,close,0.12,fractional_kelly,6439,79305,2026-06-08,EMEA Masters,1,BOMBA Team,MAGAZA,b,9,lebull,17577,2026-06-08T14:55:05+00:00,2026-06-08T15:00:00+00:00,2026-06-14T17:52:18.548615+00:00,0.08194444444444444,146.8718190597222,5.73,5.73,0.0,0.2590770518084524,0.1585903083700441,0.10048674343840833,0.19831826114548626,0.3063701260389404,14.282295643739959,1.713875477248795,4.375668716498021,-14.282295643739959,-1.0,lost,False,1028.670031093393,753.7908823775612,289.16144435957176,946.0941461137868
poland_tax_12,close,0.12,fractional_kelly,66965,79432,2026-06-12,LCS,3,Eintracht Spandau,Anubis Gaming,b,2,sts,20001,2026-06-12T04:55:05+00:00,2026-06-12T15:00:00+00:00,2026-06-17T16:37:04.466270+00:00,10.081944444444444,121.61790729722222,7.1,7.1,0.0,0.368567718275959,0.1309669522643819,0.23760076601157712,0.16005121638924458,1.3028111037881915,45.89557917985592,5.50746950158271,59.793270170306435,-45.89557917985592,-1.0,lost,False,1028.670031093393,739.5085867338212,335.0570235394277,824.5168138516243
poland_tax_12,close,0.12,fractional_kelly,60470,79429,2026-06-12,LCS,3,Forsaken,Karmine Corp Blue,a,2,sts,20285,2026-06-12T16:55:12+00:00,2026-06-12T18:00:00+00:00,2026-06-14T17:52:18.582129+00:00,1.08,47.871828369166664,4.5,4.5,0.0,0.4765383108349702,0.2063492063492063,0.27018910448576394,0.25252525252525254,0.887091710906482,51.96776601165859,6.23613192139903,46.100174463269944,-51.96776601165859,-1.0,lost,False,1028.670031093393,693.6130075539652,387.02478955108626,894.1263801021282
poland_tax_12,close,0.12,fractional_kelly,5568,79438,2026-06-13,LCK,5,Gen.G,KT Rolster,b,2,sts,20388,2026-06-12T22:55:06+00:00,2026-06-13T06:00:00+00:00,2026-06-14T17:52:18.591501+00:00,7.081666666666667,35.8718309725,10.5,10.5,0.0,0.1364032110871254,0.08854166666666667,0.047861544420458715,0.10822510822510822,0.26036567044503856,5.068640579551922,0.6082368695462307,1.319700002739965,-5.068640579551922,-1.0,lost,False,1028.670031093393,641.6452415423066,392.0934301306382,889.0577395225763
poland_tax_12,close,0.12,fractional_kelly,62679,79468,2026-06-13,Riot LoL / EMEA Masters,5,Galions,Misa eSports,b,8,totalbet,20717,2026-06-13T14:55:02+00:00,2026-06-13T15:00:00+00:00,2026-06-14T17:52:18.610762+00:00,0.08277777777777778,26.871836322777778,3.2,3.2,0.0,0.3745715960328675,0.2888888888888889,0.08568270714397858,0.35511363636363635,0.054793614428555015,4.801807933286524,0.5762169519943828,0.2631084124564784,-4.801807933286524,-1.0,lost,False,1028.670031093393,636.5766009627548,396.8952380639247,884.2559315892897
poland_tax_12,close,0.12,fractional_kelly,63219,79489,2026-06-14,LJL,5,FENNEL,Rising Gaming,b,9,lebull,20986,2026-06-14T06:55:05+00:00,2026-06-14T08:00:00+00:00,2026-06-14T17:52:18.624969+00:00,1.0819444444444444,9.871840269166666,3.16,3.16,0.0,0.395858987029411,0.2882882882882883,0.10757069874112274,0.35960874568469503,0.10080467113138636,8.94062362989038,1.0728748355868456,0.9012566247206015,-8.94062362989038,-1.0,lost,False,1028.670031093393,631.7747930294682,405.83586169381505,875.3153079593993
poland_tax_12,close,0.12,fractional_kelly,63369,79504,2026-06-14,EMEA Masters,5,Eintracht Spandau,Galions,a,2,sts,21082,2026-06-14T12:55:08+00:00,2026-06-14T15:00:00+00:00,2026-06-14T17:52:18.634299+00:00,2.081111111111111,2.871842860833333,4.3,4.3,0.0,0.2874370915775563,0.21532846715328463,0.07210862442427168,0.2642706131078224,0.08766195452947301,4.902914927919177,0.5883497913503012,0.42979910547312533,-4.902914927919177,-1.0,lost,False,1028.670031093393,622.8341693995778,410.73877662173425,870.4123930314802
poland_tax_12,close,0.12,fractional_kelly,67693,79526,2026-06-28,MSI,5,Team Liquid,T1,a,9,lebull,23657,2026-06-28T00:55:16+00:00,2026-06-28T03:00:00+00:00,2026-07-29T21:34:48.644611+00:00,2.078888888888889,762.5801790586112,9.79,9.79,0.0,0.1362311696391417,0.09351851851851853,0.04271265112062317,0.11607391586962579,0.1736587726751333,4.700617775747345,0.5640741330896814,0.8163035137511989,-4.700617775747345,-1.0,lost,False,824.5168138516243,824.5168138516243,4.700617775747345,758.2737637506713
poland_tax_12,close,0.12,fractional_kelly,85527,79531,2026-06-28,MSI,5,Deep Cross Gaming,Karmine Corp,a,2,sts,23676,2026-06-28T04:55:01+00:00,2026-06-28T08:00:00+00:00,2026-06-28T10:37:20.750120+00:00,3.0830555555555557,2.6224305888888892,10.5,10.5,0.0,0.1393044517757267,0.08854166666666667,0.05076278510906003,0.10822510822510822,0.28717313440771464,7.142875809020604,0.8571450970824724,2.0512420347614873,-7.142875809020604,-1.0,lost,False,824.5168138516243,819.816196075877,11.843493584767948,817.3739380426038
poland_tax_12,close,0.12,fractional_kelly,85788,79534,2026-06-29,MSI,5,T1,Karmine Corp,b,2,sts,23933,2026-06-29T02:55:01+00:00,2026-06-29T03:00:00+00:00,2026-07-29T21:34:48.652278+00:00,0.08305555555555555,738.5801811883333,7.1,7.1,0.0,0.44745927974641886,0.1309669522643819,0.31649232748203693,0.16005121638924458,1.7957255798556253,69.51878188211683,8.34225382585402,124.83665490612098,-69.51878188211683,-1.0,lost,False,817.3739380426038,812.6733202668564,74.21939965786417,688.7549818685544
poland_tax_12,close,0.12,fractional_kelly,85789,79539,2026-06-29,MSI,5,Team Liquid,Deep Cross Gaming,b,2,sts,23976,2026-06-29T04:55:01+00:00,2026-06-29T08:00:00+00:00,2026-06-29T10:37:19.940859+00:00,3.0830555555555557,2.6222057941666668,5.55,5.55,0.0,0.44118678694296454,0.1666666666666667,0.2745201202762978,0.20475020475020478,1.154756267429439,55.237021168152,6.62844254017824,63.78529638805611,-55.237021168152,-1.0,lost,False,817.3739380426038,743.1545383847396,129.45642082601617,762.1369168744518
poland_tax_12,close,0.12,fractional_kelly,91809,79603,2026-07-03,MSI,5,Hanwha Life Esports,Team Secret Whales,b,8,totalbet,25820,2026-07-03T02:55:18+00:00,2026-07-03T03:00:00+00:00,2026-07-29T21:34:48.745003+00:00,0.07833333333333334,642.5802069452777,12.0,12.0,0.0,0.21527412333198237,0.0776325903151422,0.13764153301684018,0.0946969696969697,1.2732947423857337,22.905903709909225,2.748708445189107,29.165966763421288,-22.905903709909225,-1.0,lost,False,762.1369168744518,687.9175172165876,97.1253033677734,665.8490781586452
poland_tax_12,close,0.12,fractional_kelly,95793,79696,2026-07-05,MSI,5,Hanwha Life,G2,b,2,sts,25944,2026-07-03T16:55:12+00:00,2026-07-05T03:00:00+00:00,2026-07-29T21:34:48.865740+00:00,34.08,594.5802404833332,6.5,6.5,0.0,0.550987385523728,0.1424802110817942,0.40850717444193374,0.17482517482517484,2.1516478451957237,75.78764858219152,9.094517829862982,163.06833076432312,-75.78764858219152,-1.0,lost,False,762.1369168744518,665.0116135066784,172.9129519499649,869.0619884266795
poland_tax_12,close,0.12,fractional_kelly,96188,79623,2026-07-03,LRS,3,Volticons,Malvinas,a,9,lebull,25948,2026-07-03T18:55:02+00:00,2026-07-03T20:00:00+00:00,2026-07-29T21:34:48.757731+00:00,1.0827777777777778,625.5802104808333,1.4,1.4,0.0,0.8607028424618208,0.6517412935323382,0.2089615489294826,0.8116883116883117,0.060385901912963336,38.34140145549285,4.600968174659142,2.315280107496941,8.89520513767434,0.23199999999999998,won,True,762.1369168744518,589.2239649244868,211.25435340545775,674.7442832963195
poland_tax_12,close,0.12,fractional_kelly,91644,79613,2026-07-04,MSI,5,LYON,FURIA,b,2,sts,26068,2026-07-04T02:55:12+00:00,2026-07-04T03:00:00+00:00,2026-07-04T09:01:34.473185+00:00,0.08,6.026242551388888,3.8,3.8,0.0,0.4983992768088894,0.24302788844621515,0.25537138836267426,0.29904306220095694,0.6666471816489261,39.168548246175405,4.700225789541048,26.11160229759282,-39.168548246175405,-1.0,lost,False,762.1369168744518,550.882563468994,250.42290165163314,722.9683686282764
poland_tax_12,close,0.12,fractional_kelly,95989,79686,2026-07-05,MSI,5,Secret Whales,Top Esports,a,9,lebull,26151,2026-07-04T12:55:03+00:00,2026-07-06T03:00:00+00:00,2026-07-29T21:34:48.857639+00:00,38.0825,570.5802382330555,9.79,9.79,0.0,0.3611497603458756,0.09351851851851853,0.2676312418273571,0.11607391586962579,2.111377415331787,35.46923964079098,4.256308756894917,74.88895151655701,270.10535371255145,7.615199999999999,won,True,722.9683686282764,511.71401522281866,246.7235930462487,944.849637008871
poland_tax_12,close,0.12,fractional_kelly,100727,79712,2026-07-05,LRN,3,SDM Tigres,LYON Academy,b,9,lebull,26935,2026-07-05T18:55:02+00:00,2026-07-05T22:00:00+00:00,2026-07-29T21:34:48.881917+00:00,3.082777777777778,575.5802449769444,3.51,3.51,0.0,0.35569672606503455,0.25949367088607594,0.09620305517895861,0.32375032375032375,0.09867604746967862,5.6245155211746765,0.6749418625409611,0.5550049605613765,-5.6245155211746765,-1.0,lost,False,722.9683686282764,476.24477558202767,252.3481085674234,863.4374729055048
poland_tax_12,close,0.12,fractional_kelly,103369,79741,2026-07-08,MSI,5,LYON,Team Secret Whales,b,9,lebull,27742,2026-07-06T14:55:11+00:00,2026-07-08T08:00:00+00:00,2026-07-29T21:34:48.917584+00:00,41.08027777777778,517.5802548844445,2.62,2.62,0.0,0.5417963917541033,0.34825870646766166,0.19353768528644166,0.4337265787647467,0.2491657608282607,22.45374830714927,2.694449796857912,5.594705280397118,-22.45374830714927,-1.0,lost,False,722.9683686282764,470.62026006085296,274.80185687457265,840.9837245983556
poland_tax_12,close,0.12,fractional_kelly,114867,80180,2026-07-23,Prime League 1st Division,3,Rossmann Centaurs,E WIE EINFACH E-SPORTS,b,3,betclic,28301,2026-07-06T22:55:51+00:00,2026-07-22T15:00:00+00:00,2026-07-29T21:34:49.193978+00:00,376.06916666666666,174.58033166055554,1.7,1.7,0.0,0.7891928440240413,0.5380434782608695,0.2511493657631718,0.6684491978609626,0.18063249465996578,40.80314266185807,4.896377119422968,7.370373448977899,-40.80314266185807,-1.0,lost,False,722.9683686282764,448.16651175370373,315.60499953643074,896.9490465361142
poland_tax_12,close,0.12,fractional_kelly,103592,79746,2026-07-08,MSI,5,G2,T1,a,2,sts,30011,2026-07-08T04:55:21+00:00,2026-07-08T08:00:00+00:00,2026-07-29T21:34:48.921564+00:00,3.0775,517.58025599,7.1,7.1,0.0,0.3846105623776737,0.1309669522643819,0.25364361011329184,0.16005121638924458,1.4030467937357054,27.227032626223735,3.267243915146848,38.200800829160656,142.88746722242215,5.247999999999999,won,True,722.9683686282764,407.36336909184564,342.83203216265446,983.8711918207778
poland_tax_12,close,0.12,fractional_kelly,104271,79790,2026-07-09,LRS,3,Malvinas,Docta Esports,a,9,lebull,30671,2026-07-08T18:55:05+00:00,2026-07-09T23:00:00+00:00,2026-07-11T10:32:54.061323+00:00,28.081944444444446,35.5483503675,2.62,2.62,0.0,0.5372194117270892,0.34825870646766166,0.18896070525942754,0.4337265787647467,0.23861307567797696,17.36854710880445,2.0842256530565337,4.144362445689664,-17.36854710880445,-1.0,lost,False,722.9683686282764,380.1363364656219,360.2005792714589,705.5998215194719
poland_tax_12,close,0.12,fractional_kelly,104269,79717,2026-07-11,LRN,3,3v Team,SDM Tigers,a,2,sts,31773,2026-07-11T18:55:27+00:00,2026-07-11T19:00:00+00:00,2026-07-12T10:32:42.029727+00:00,0.07583333333333334,15.545008257500001,2.2,2.2,0.0,0.782937766144782,0.42105263157894735,0.3618851345658347,0.5165289256198347,0.5157675152562982,49.97431659497486,5.996917991396983,25.775129096821768,46.775960332896474,0.9360000000000002,won,True,705.5998215194719,362.7677893568175,392.8063487576293,752.3757818523684
poland_tax_12,close,0.12,fractional_kelly,100950,79768,2026-07-15,Esports World Cup,1,Gen.G,Karmine Corp,b,7,betfan,33165,2026-07-12T12:55:12+00:00,2026-07-15T09:00:00+00:00,2026-07-23T06:43:34.631301+00:00,68.08,189.7262864725,9.0,9.0,0.0,0.3193731861085386,0.10358565737051792,0.21578752873802068,0.12626262626262627,1.5294356339796256,22.6290030509061,2.7154803661087317,34.60960362748945,-22.6290030509061,-1.0,lost,False,752.3757818523684,409.543749689714,365.4610352135605,729.7467788014623
poland_tax_12,close,0.12,fractional_kelly,111817,79827,2026-07-13,Prime League,1,ROSSMANN Centaurs,TeamOrangeGaming,b,7,betfan,33214,2026-07-12T12:55:12+00:00,2026-07-13T17:00:00+00:00,2026-07-23T06:43:34.664278+00:00,28.08,229.72629563277778,2.2,2.2,0.0,0.5862144190536339,0.42105263157894735,0.16516178747468657,0.5165289256198347,0.13491111528783528,13.942067305115337,1.6730480766138405,1.8809398495511742,13.049774997587958,0.9360000000000002,won,True,752.3757818523684,386.9147466388079,379.40310251867584,711.1567097506036
poland_tax_12,close,0.12,fractional_kelly,113135,79775,2026-07-15,Esports World Cup,1,LYON,JD Gaming,a,7,betfan,33176,2026-07-12T12:55:12+00:00,2026-07-15T12:30:00+00:00,2026-07-23T06:43:34.646230+00:00,71.58,186.22629061944443,2.15,2.15,0.0,0.6314575518517874,0.43421052631578944,0.197247025535998,0.5285412262156448,0.1947176881035817,20.35436598813205,2.4425239185758456,3.9633550880232478,-20.35436598813205,-1.0,lost,False,752.3757818523684,372.97267933369255,399.75746850680787,698.1069347530156
poland_tax_12,close,0.12,fractional_kelly,100949,79771,2026-07-15,Esports World Cup,1,Bilibili,Movistar KOI,b,2,sts,33262,2026-07-12T12:55:29+00:00,2026-07-15T09:00:00+00:00,2026-07-23T06:43:34.637063+00:00,68.07527777777777,189.72628807305554,8.15,8.15,0.0,0.2345003744167864,0.1141304347826087,0.12036993963417769,0.13943112102621305,0.6818366853171922,9.738662587235742,1.168639510468289,6.64017741790337,-9.738662587235742,-1.0,lost,False,752.3757818523684,352.6183133455605,409.4961310940436,718.4613007411476
poland_tax_12,close,0.12,fractional_kelly,100951,79770,2026-07-15,Esports World Cup,1,T1,GAM,b,2,sts,33264,2026-07-12T12:55:29+00:00,2026-07-15T09:00:00+00:00,2026-07-23T06:43:34.634150+00:00,68.07527777777777,189.7262872638889,9.5,9.5,0.0,0.13550372844833092,0.09781576448243115,0.03768796396589977,0.11961722488038279,0.13281116982804653,1.546815473078978,0.18561785676947737,0.2054343724877423,-1.546815473078978,-1.0,lost,False,752.3757818523684,342.8796507583248,411.0429465671226,728.1999633283833
poland_tax_12,close,0.12,fractional_kelly,111533,80090,2026-07-20,KeSPA Cup,1,Kiwoom DRX,KT Rolster,a,2,sts,33275,2026-07-12T12:55:29+00:00,2026-07-20T12:00:00+00:00,2026-07-23T06:43:34.723719+00:00,191.07527777777779,66.72631214416667,3.5,3.5,0.0,0.4441060611233842,0.2647058823529412,0.179400178770443,0.3246753246753247,0.3678466682600232,15.09112334464243,1.8109348013570914,5.551219442627776,31.389536556856257,2.08,won,True,752.3757818523684,341.3328352852458,426.13406991176504,737.294024538205
poland_tax_12,close,0.12,fractional_kelly,111534,80086,2026-07-20,KeSPA Cup,1,Kiwoom DRX,BNK FearX,a,2,sts,33271,2026-07-12T12:55:29+00:00,2026-07-20T09:00:00+00:00,2026-07-23T06:43:34.710446+00:00,188.07527777777779,69.72630845722223,2.5,2.5,0.0,0.7965505619710512,0.37027707808564236,0.42627348388540887,0.45454545454545453,0.7524112363363127,51.13915204702178,6.136698245642614,38.47767261689033,-51.13915204702178,-1.0,lost,False,752.3757818523684,326.24171194060335,477.27322195878685,669.7364973723608
poland_tax_12,close,0.12,fractional_kelly,111535,80084,2026-07-20,KeSPA Cup,1,Nongshim RedForce,KT Rolster,a,2,sts,33269,2026-07-12T12:55:29+00:00,2026-07-20T07:30:00+00:00,2026-07-23T06:43:34.703652+00:00,186.57527777777779,71.22630657,2.8,2.8,0.0,0.4875203864178992,0.3301435406698564,0.15737684574804278,0.40584415584415584,0.20125023213370352,9.454312506687055,1.1345175008024466,1.9026825866353463,13.841113509789848,1.464,won,True,752.3757818523684,275.10255989358154,486.7275344654739,720.8756494193825
poland_tax_12,close,0.12,fractional_kelly,112573,80088,2026-07-20,KeSPA Cup,1,Kiwoom DRX,HANJIN BRION,a,2,sts,33273,2026-07-12T12:55:29+00:00,2026-07-20T10:30:00+00:00,2026-07-23T06:43:34.717166+00:00,189.57527777777779,68.22631032388888,2.29,2.29,0.0,0.5239089608534897,0.40364583333333337,0.12026312752015633,0.49622866216752676,0.0557813379119525,3.649087532802973,0.43789050393635676,0.20355098473757569,3.7045536633015788,1.0152,won,True,752.3757818523684,265.64824738689447,490.3766219982769,666.6175619691844
poland_tax_12,close,0.12,fractional_kelly,112574,80089,2026-07-20,KeSPA Cup,1,Nongshim RedForce,BNK FearX,a,2,sts,33274,2026-07-12T12:55:29+00:00,2026-07-20T11:15:00+00:00,2026-07-23T06:43:34.720354+00:00,190.32527777777779,67.47631120944445,2.2,2.2,0.0,0.8263441738102542,0.42105263157894735,0.4052915422313068,0.5165289256198347,0.5998023204966523,41.973211551457624,5.036785386174914,25.17562968726117,39.28692601216434,0.9360000000000002,won,True,752.3757818523684,261.9991598540915,532.3498335497345,705.9044879813488
poland_tax_12,close,0.12,fractional_kelly,112580,80087,2026-07-20,KeSPA Cup,1,DN SOOPers,KT Rolster,a,2,sts,33272,2026-07-12T12:55:29+00:00,2026-07-20T09:45:00+00:00,2026-07-23T06:43:34.713801+00:00,188.82527777777779,68.97630938916667,6.5,6.5,0.0,0.2771871269667232,0.1424802110817942,0.134706915884929,0.17482517482517484,0.5855103662496566,6.823489066477922,0.8188186879773506,3.9952235824140154,-6.823489066477922,-1.0,lost,False,752.3757818523684,220.02594830263388,539.1733226162124,662.9130083058828
poland_tax_12,close,0.12,fractional_kelly,114535,80146,2026-07-21,KeSPA Cup,1,HANJIN BRION,Gen.G,a,2,sts,33504,2026-07-20T20:55:25+00:00,2026-07-21T09:00:00+00:00,2026-07-23T06:43:34.766107+00:00,12.07638888888889,45.726323918611115,2.0,2.0,0.0,0.900990462067702,0.4623655913978494,0.43862487066985256,0.5681818181818182,0.5857432132391553,41.079570244564486,4.929548429347738,24.062079473534798,31.22047338586901,0.76,won,True,752.3757818523684,213.20245923615596,580.2528928607769,776.8747738416414
poland_tax_12,close,0.12,fractional_kelly,114524,79997,2026-07-21,GameWaves / Road of Legends,3,mCon esports,Once Upon A Team,a,8,totalbet,33546,2026-07-20T22:55:03+00:00,2026-07-21T17:00:00+00:00,2026-07-23T06:43:34.684988+00:00,18.0825,37.72630138555555,1.53,1.53,0.0,0.7856906333892542,0.6046511627906976,0.18103947059855652,0.7427213309566251,0.05785386879529186,7.186760274528081,0.8624112329433696,0.4157818859857633,2.4894937590965274,0.34640000000000004,won,True,752.3757818523684,172.12288899159148,587.439653135305,713.6462035097001
poland_tax_12,close,0.12,fractional_kelly,114529,80003,2026-07-23,GameWaves / Road of Legends,3,Myth eSports,Dynasty,a,8,totalbet,33560,2026-07-20T22:55:03+00:00,2026-07-23T17:00:00+00:00,2026-07-29T21:34:49.032073+00:00,66.0825,148.58028668694445,1.53,1.53,0.0,0.8405228458774718,0.6046511627906976,0.2358716830867742,0.7427213309566251,0.13167995968942825,15.674641152420062,1.8809569382904074,2.064036115096927,5.42969569519831,0.34640000000000004,won,True,752.3757818523684,164.9361287170634,603.114294287725,989.3008875159761
poland_tax_12,close,0.12,fractional_kelly,114562,79982,2026-07-21,LES,3,GIANTX Academy,Movistar KOI Fenix,a,9,lebull,33626,2026-07-20T22:55:06+00:00,2026-07-21T17:30:00+00:00,2026-07-31T21:26:17.533164+00:00,18.581666666666667,243.93820365666667,4.84,4.84,0.0,0.2509093519808056,0.18791946308724833,0.06298988889355728,0.23478587528174305,0.06867311195664727,0.7862551275115419,0.09435061530138503,0.053994586398088094,-0.7862551275115419,-1.0,lost,False,752.3757818523684,149.2614875646434,603.9005494152366,1107.757737275608
poland_tax_12,close,0.12,fractional_kelly,114534,80147,2026-07-21,KeSPA LoL / KeSPA Cup,1,Hanwha Life,Nongshim Redforce,b,2,sts,33756,2026-07-20T22:55:25+00:00,2026-07-21T09:45:00+00:00,2026-07-23T06:43:34.769380+00:00,10.82638888888889,44.97632482777778,1.82,1.82,0.0,0.8768169528127149,0.5081081081081081,0.36870884470460674,0.6243756243756243,0.404310031624844,24.945988165792404,2.9935185798950883,10.085913264224512,-24.945988165792404,-1.0,lost,False,752.3757818523684,148.4752324371318,628.846537581029,751.928785675849
poland_tax_12,close,0.12,fractional_kelly,114540,80142,2026-07-21,KeSPA Cup,1,Gen.G,Hanwha Life Esports,b,2,sts,33752,2026-07-20T22:55:25+00:00,2026-07-21T06:00:00+00:00,2026-07-23T06:43:34.752978+00:00,7.076388888888889,48.726320271666665,1.88,1.88,0.0,0.7680815180362746,0.491891891891892,0.2761896261443826,0.6044487427466151,0.27071406343921267,12.775482759118796,1.5330579310942556,3.4585028501186534,8.36027591756734,0.6543999999999999,won,True,752.3757818523684,123.5292442713394,641.6220203401477,745.6543004557724
poland_tax_12,close,0.12,fractional_kelly,114560,80149,2026-07-21,KeSPA LoL / KeSPA Cup,1,DN Soopers,Hanwha Life,a,2,sts,33758,2026-07-20T22:55:25+00:00,2026-07-21T11:15:00+00:00,2026-07-23T06:43:34.776377+00:00,12.32638888888889,43.47632677138889,2.2,2.2,0.0,0.7225849432078628,0.42105263157894735,0.3015323116289155,0.5165289256198347,0.39892445005042254,11.800850267702529,1.4161020321243034,4.707647703170613,11.045595850569569,0.9360000000000002,won,True,752.3757818523684,110.75376151222065,653.4228706078503,762.9743815264186
poland_tax_12,close,0.12,fractional_kelly,114566,80009,2026-07-22,NACL,3,Ccg Esports,NRG eSports,a,2,sts,33743,2026-07-20T22:55:25+00:00,2026-07-22T21:00:00+00:00,2026-07-23T06:43:34.691119+00:00,46.076388888888886,9.726303088611111,4.9,4.9,0.0,0.4371944268809125,0.18739635157545603,0.24979807530545645,0.23191094619666047,0.8851823687104947,6.611667600107326,0.7934001120128791,5.852531587389435,-6.611667600107326,-1.0,lost,False,752.3757818523684,98.95291124451808,660.0345382079577,707.0345359095927
poland_tax_12,close,0.12,fractional_kelly,114553,80006,2026-07-23,GameWaves / Road of Legends,3,Zennit,The Bandits,a,3,betclic,36199,2026-07-23T14:56:19+00:00,2026-07-23T18:00:00+00:00,2026-07-29T21:34:49.036761+00:00,3.0613888888888887,147.5802879891667,4.5,4.5,0.0,0.6343248121884512,0.20353982300884954,0.4307849891796016,0.25252525252525254,1.5119262562662668,51.54869831800384,6.185843798160461,77.93783046333874,-51.54869831800384,-1.0,lost,False,762.9743815264186,403.6814530838324,410.84162676059003,937.7521891979723
poland_tax_12,close,0.12,fractional_kelly,111540,80352,2026-07-26,LEC,3,G2 Esports,Karmine Corp,b,8,totalbet,41085,2026-07-24T20:55:04+00:00,2026-07-26T17:00:00+00:00,2026-07-29T21:34:49.383960+00:00,44.08222222222222,76.58038443333334,2.8,2.8,0.0,0.48469723835170164,0.33649289099526064,0.148204347356441,0.40584415584415584,0.1942939952985927,11.683278654192696,1.4019934385031234,2.2699908879098643,17.104319949738105,1.4639999999999997,won,True,762.9743815264186,352.13275476582857,422.5249054147827,1008.6341065152369
poland_tax_12,close,0.12,fractional_kelly,115427,80233,2026-07-27,KeSPA Cup,1,Dplus KIA,T1,b,8,totalbet,40908,2026-07-24T20:55:04+00:00,2026-07-27T08:15:00+00:00,2026-07-29T21:34:49.267179+00:00,59.33222222222222,61.33035199416666,1.38,1.38,0.0,0.9350169218233034,0.6658595641646489,0.26915735765865456,0.8234519104084322,0.13548454986221947,53.78456625677879,6.4541479508134545,7.286977748834393,11.531411005453368,0.21439999999999992,won,True,762.9743815264186,340.4494761116359,476.3094716715615,976.8469609036497
poland_tax_12,close,0.12,fractional_kelly,115363,80231,2026-07-27,LCK,1,Hanwha Life Esports,Dplus KIA,a,9,lebull,40932,2026-07-24T20:55:05+00:00,2026-07-27T06:45:00+00:00,2026-07-29T21:34:49.257200+00:00,57.831944444444446,62.83034922222222,1.61,1.61,0.0,0.9356591348398384,0.5672043010752689,0.36845483376456956,0.7058159232072275,0.32564186224108327,55.99213956592364,6.7190567479108365,18.233384599110014,23.337523771076974,0.41680000000000006,won,True,762.9743815264186,286.6649098548571,532.3016112374851,920.2865703071911
poland_tax_12,close,0.12,fractional_kelly,115425,80235,2026-07-27,KeSPA Cup,1,T1,Nongshim RedForce,a,9,lebull,40924,2026-07-24T20:55:05+00:00,2026-07-27T09:45:00+00:00,2026-07-29T21:34:49.276833+00:00,60.831944444444446,59.830354675833334,1.66,1.66,0.0,0.8445812715944031,0.5501355013550134,0.29444577023938967,0.6845564074479737,0.23376432154510418,29.255134356294583,3.51061612275535,6.838806634510071,-29.255134356294583,-1.0,lost,False,762.9743815264186,230.67277028893352,561.5567455937796,978.9522570153985
poland_tax_12,close,0.12,fractional_kelly,115034,80570,2026-07-28,KeSPA LoL / LCK CL,3,Dwg Kia Challengers,KT Rolster Challengers,b,9,lebull,40981,2026-07-24T20:55:06+00:00,2026-07-28T10:00:00+00:00,2026-07-29T21:34:49.465470+00:00,85.08166666666666,35.580407075,1.93,1.93,0.0,0.7695218893096701,0.4726775956284154,0.29684429368125476,0.5887894488930758,0.3069559768035437,22.131424392598706,2.6557709271118446,6.79337299248391,-22.131424392598706,-1.0,lost,False,762.9743815264186,201.41763593263897,583.6881699863783,1001.0103643005659
poland_tax_12,close,0.12,fractional_kelly,113606,80331,2026-07-26,LCS,3,Team Liquid,Cloud9,a,7,betfan,41122,2026-07-24T20:55:16+00:00,2026-07-26T20:00:00+00:00,2026-07-29T21:34:49.349071+00:00,47.07888888888889,73.58037474194444,1.77,1.77,0.0,0.7229131870006025,0.5241935483870968,0.19871963861350572,0.6420133538777606,0.12600958007213836,10.129026286264823,1.2154831543517788,1.2763543488718814,5.647945057221266,0.5576000000000001,won,True,762.9743815264186,179.2862115400403,593.8171962726431,991.5297865654989
poland_tax_12,close,0.12,fractional_kelly,115426,80234,2026-07-27,KeSPA Cup,1,Hanwha Life Esports,Kiwoom DRX,a,7,betfan,41017,2026-07-24T20:55:16+00:00,2026-07-27T09:00:00+00:00,2026-07-29T21:34:49.272207+00:00,60.07888888888889,60.58035339083333,2.25,2.25,0.0,0.8795802945530884,0.41253263707571797,0.4670476574773704,0.5050505050505051,0.7415689832151151,32.0004392531054,3.840052710372648,23.730533199362426,31.36043046804329,0.98,won,True,762.9743815264186,169.15718525377554,625.8176355257484,1008.207391371693
poland_tax_12,close,0.12,fractional_kelly,115428,80232,2026-07-27,KeSPA Cup,1,KT Rolster,Gen.G,b,7,betfan,41011,2026-07-24T20:55:16+00:00,2026-07-27T07:30:00+00:00,2026-07-29T21:34:49.262186+00:00,58.57888888888889,62.08035060722222,2.9,2.9,0.0,0.9064311305761323,0.31764705882352945,0.5887840717526029,0.39184952978056425,1.31321224523029,29.013517777709513,3.4816221333251414,38.10090682289484,45.02897959100517,1.552,won,True,762.9743815264186,137.15674600067018,654.8311533034579,965.3155498981963
poland_tax_12,close,0.12,fractional_kelly,111538,80328,2026-07-25,LCS,3,Dignitas,Sentinels,a,2,sts,41211,2026-07-24T20:55:42+00:00,2026-07-25T23:00:00+00:00,2026-07-29T21:34:49.344493+00:00,26.071666666666665,94.58037347027778,7.1,7.1,0.0,0.1735883360328997,0.1309669522643819,0.04262138376851779,0.16005121638924458,0.08457992353355714,0.4357253226834049,0.052287038722008586,0.0368536144741969,-0.4357253226834049,-1.0,lost,False,762.9743815264186,108.14322822296072,655.2668786261413,985.8818415082776
poland_tax_12,close,0.12,fractional_kelly,115046,80313,2026-07-25,LCP,3,Ground Zero Gaming,MVK Esports,a,2,sts,41184,2026-07-24T20:55:42+00:00,2026-07-25T09:00:00+00:00,2026-07-29T21:34:49.322538+00:00,12.071666666666667,108.58036737166667,2.2,2.2,0.0,0.5758926530240259,0.42105263157894735,0.15484002144507858,0.5165289256198347,0.11492817625451424,3.306257178754452,0.39675086145053423,0.37998210778264463,-3.306257178754452,-1.0,lost,False,762.9743815264186,107.70750290027729,658.5731358048957,975.645999836644
poland_tax_12,close,0.12,fractional_kelly,115351,80325,2026-07-25,LCS,3,Flyquest,LYON,b,2,sts,41210,2026-07-24T20:55:42+00:00,2026-07-25T20:00:00+00:00,2026-07-29T21:34:49.339804+00:00,23.071666666666665,97.58037216777778,2.35,2.35,0.0,0.6812705125462395,0.3943298969072165,0.286940615639023,0.48355899419729204,0.40886741994562326,9.99210392726313,1.1990524712715755,4.085445752568606,10.671566994317024,1.068,won,True,762.9743815264186,104.40124572152286,668.5652397321588,986.317566830961
poland_tax_12,close,0.12,fractional_kelly,115464,80452,2026-07-26,CBLOL,3,RED Canids,Keyd Stars,b,2,sts,41209,2026-07-24T20:55:42+00:00,2026-07-26T19:00:00+00:00,2026-07-29T21:34:49.431763+00:00,46.071666666666665,74.58039771194444,3.5,3.5,0.0,0.5242444058844276,0.2647058823529412,0.2595385235314864,0.3246753246753247,0.6146727701240369,6.974847200926758,0.836981664111211,4.287248650185536,14.507682177927657,2.08,won,True,762.9743815264186,94.40914179425977,675.5400869330856,1023.1417886931646
poland_tax_12,close,0.12,fractional_kelly,115037,80582,2026-07-30,LCK Challengers,3,BNK FearX Youth,Hanwha Life Challengers,a,3,betclic,41946,2026-07-29T18:56:16+00:00,2026-07-30T05:00:00+00:00,2026-07-30T09:26:23.459500+00:00,10.062222222222223,4.439849861111111,1.75,1.75,0.0,0.7179675173035497,0.5231607629427794,0.19480675436077033,0.6493506493506493,0.10566997664746647,4.277398086974632,0.5132877704369558,0.4519925559625271,2.3097949669663014,0.54,won,True,762.9743815264186,87.434294593333,679.8174850200602,1003.3201592675322
poland_tax_12,close,0.12,fractional_kelly,115058,80597,2026-07-30,LPL,3,Ninjas in Pyjamas,Weibo Gaming,a,3,betclic,42626,2026-07-29T22:56:17+00:00,2026-07-30T07:00:00+00:00,2026-08-03T15:26:15.827770+00:00,8.061944444444444,104.4377299361111,2.35,2.35,0.0,0.508879235314156,0.38961038961038963,0.11926884570376639,0.48355899419729204,0.05236225862967481,12.207401513872478,1.4648881816646973,0.6392071152656744,13.037504816815806,1.068,won,True,1001.0103643005659,995.9467110860801,17.27105472835831,910.5107615966334
poland_tax_12,close,0.12,fractional_kelly,115765,80475,2026-07-30,LCP,3,Fukuoka Softbank Hawks Gaming,DetonatioN FM,b,2,sts,44373,2026-07-30T08:55:34+00:00,2026-07-30T09:00:00+00:00,2026-07-30T15:26:52.830616+00:00,0.07388888888888889,6.448008504444444,9.5,9.5,0.0,0.1616905964769244,0.09781576448243115,0.06387483199449326,0.11961722488038279,0.35173338654708797,11.753191536526046,1.4103829843831255,4.133989861878878,86.5034897088317,7.359999999999999,won,True,1001.0103643005659,983.7393095722076,29.024246264884354,1089.823648976364
poland_tax_12,close,0.12,fractional_kelly,115619,80403,2026-07-30,LES,3,LUA Gaming,Barca eSports,a,2,sts,45402,2026-07-30T14:55:36+00:00,2026-07-30T15:00:00+00:00,2026-07-30T21:26:15.438743+00:00,0.07333333333333333,6.437621873055555,10.5,10.5,0.0,0.1384244378281429,0.08854166666666667,0.04988277116147623,0.10822510822510822,0.2790418055320405,8.284674258856658,0.9941609110627989,2.311770463436181,-8.284674258856658,-1.0,lost,False,1003.3201592675322,978.5733110896225,33.03152243676638,1081.5389747175072
poland_tax_12,close,0.12,fractional_kelly,115678,80430,2026-07-30,GameWaves / Road of Legends,3,mCon esports,Senshi eSports,a,3,betclic,45747,2026-07-30T16:55:53+00:00,2026-07-30T18:00:00+00:00,2026-07-31T03:25:53.920856+00:00,1.0686111111111112,9.431644682222222,1.65,1.65,0.0,0.7341611803614306,0.5540540540540541,0.18010712630737657,0.6887052341597797,0.0660020338847973,39.00783423180408,4.68094010781649,2.5745963967400893,17.631541072775445,0.45199999999999996,won,True,1089.823648976364,1068.5453180761237,60.28616513204442,1077.3219330466857
poland_tax_12,close,0.12,fractional_kelly,115684,80361,2026-07-30,Riot LoL / NACL,3,Winthrop University,NRG eSports,a,2,sts,46301,2026-07-30T20:55:34+00:00,2026-07-30T21:00:00+00:00,2026-07-31T03:25:53.906906+00:00,0.07388888888888889,6.431640807222222,5.55,5.55,0.0,0.272256560666319,0.1666666666666667,0.10558989399965227,0.20475020475020478,0.32970104229430186,21.848582743597138,2.6218299292316565,7.203500503217274,-21.848582743597138,-1.0,lost,False,1089.823648976364,1029.5374838443195,82.13474787564155,1059.6903919739102
poland_tax_12,close,0.12,fractional_kelly,115466,80588,2026-07-31,LCK Challengers,3,DRX Challengers,Bro Challengers,a,3,betclic,47299,2026-07-31T02:55:49+00:00,2026-07-31T05:00:00+00:00,2026-07-31T09:26:32.087641+00:00,2.069722222222222,4.442246566944444,1.5,1.5,0.0,0.851466144754534,0.6103896103896104,0.2410765343649236,0.7575757575757576,0.12393531107598488,97.56893548885576,11.70827225866269,12.09223637116404,31.22205935643385,0.32000000000000006,won,True,1081.5389747175072,1007.6889011007223,171.41900910564067,1108.5439924031195
poland_tax_12,close,0.12,fractional_kelly,115419,81359,2026-08-16,LCK,3,Gen.G,T1,b,4,superbet,47862,2026-07-31T06:55:32+00:00,2026-08-16T08:00:00+00:00,2026-08-16T13:28:10.232284+00:00,385.07444444444445,5.469508967777778,2.45,2.45,0.0,0.536978940415788,0.3734015345268542,0.16357740588893377,0.46382189239332094,0.15772659553643886,32.97656997097807,3.957188396517368,5.2012821139915335,-32.97656997097807,-1.0,lost,False,1077.3219330466857,966.7593409164463,143.5391621012175,860.5509961100256
poland_tax_12,close,0.12,fractional_kelly,115673,80514,2026-07-31,Riot LoL / LEC,3,Team Vitality,Team Heretics,b,8,totalbet,48874,2026-07-31T14:55:01+00:00,2026-07-31T15:00:00+00:00,2026-07-31T21:26:17.651097+00:00,0.08305555555555555,6.438236415833334,3.65,3.65,0.0,0.36916445183848146,0.258130081300813,0.11103437053766846,0.31133250311332505,0.18575621930520225,22.307830635870566,2.676939676304468,4.143818279820082,-22.307830635870566,-1.0,lost,False,1108.5439924031195,1062.5737657907578,68.2780572482323,1085.4499066397375
poland_tax_12,close,0.12,fractional_kelly,115687,80517,2026-07-31,Riot LoL / LEC,3,Movistar KOI,Shifters,b,2,sts,49071,2026-07-31T14:55:34+00:00,2026-07-31T17:15:00+00:00,2026-07-31T21:26:17.653104+00:00,2.323888888888889,4.188236973333334,4.5,4.5,0.0,0.28598290658002634,0.2063492063492063,0.07963370023082003,0.25252525252525254,0.13249231005690443,11.640813920791965,1.3968976704950358,1.5423183273082983,-11.640813920791965,-1.0,lost,False,1108.5439924031195,1040.2659351548873,79.91887116902427,1073.8090927189455
poland_tax_12,close,0.12,fractional_kelly,116067,80462,2026-07-31,LIT,1,Zena Esports,TITANS,b,9,lebull,49599,2026-07-31T18:55:07+00:00,2026-07-31T19:00:00+00:00,2026-08-01T03:26:10.894659+00:00,0.08138888888888889,8.4363596275,2.52,2.52,0.0,0.5772034065764532,0.3620253164556962,0.215178090120757,0.4509379509379509,0.28000627442394266,59.13713205807231,7.096455846968677,16.558768027697532,-59.13713205807231,-1.0,lost,False,1108.5439924031195,1028.6251212340953,139.0560032270966,998.4797595137755
poland_tax_12,close,0.12,fractional_kelly,115680,80370,2026-07-31,Riot LoL / NACL,3,NRG eSports,Dorado Gaming,b,2,sts,49997,2026-07-31T20:55:35+00:00,2026-08-01T00:00:00+00:00,2026-08-01T03:26:10.874431+00:00,3.073611111111111,3.436354008611111,9.5,9.5,0.0,0.17843315716766206,0.09781576448243115,0.08061739268523091,0.11961722488038279,0.4917011939216549,16.192201147097645,1.9430641376517173,7.961724636247502,-16.192201147097645,-1.0,lost,False,1108.5439924031195,969.4879891760229,155.24820437419424,1057.6168915718479
poland_tax_12,close,0.12,fractional_kelly,115698,80502,2026-08-01,Riot LoL / LCS,3,Cloud9,Dignitas,b,2,sts,50339,2026-07-31T22:55:39+00:00,2026-08-01T20:00:00+00:00,2026-08-02T03:26:12.518043+00:00,21.0725,7.4368105675,10.5,10.5,0.0,0.20589187153102972,0.08854166666666667,0.11735020486436305,0.10822510822510822,0.9024408929467145,26.101125673275646,3.1321350807930775,23.55472315950529,-26.101125673275646,-1.0,lost,False,1073.8090927189455,953.2957880289254,146.6144303632958,907.2450919463055
poland_tax_12,close,0.12,fractional_kelly,115677,80466,2026-08-01,CBLOL,3,LEVIATAN,paiN Gaming,a,2,sts,52955,2026-08-01T16:55:39+00:00,2026-08-01T18:00:00+00:00,2026-08-01T21:26:23.563380+00:00,1.0725,3.4398787166666667,7.1,7.1,0.0,0.3960700008257052,0.1309669522643819,0.2651030485613233,0.16005121638924458,1.4746453651590063,65.13354189419438,7.816025027303326,96.0488756706637,-65.13354189419438,-1.0,lost,False,998.4797595137755,927.1946623556497,136.41863905232023,933.3462176195811
poland_tax_12,close,0.12,fractional_kelly,115061,81126,2026-08-03,LRS,5,Volticons,Docta Esports,a,9,lebull,56420,2026-08-02T12:55:10+00:00,2026-08-04T20:00:00+00:00,2026-08-05T15:26:29.706256+00:00,55.080555555555556,19.441585071111113,1.61,1.61,0.0,0.8383387540662821,0.5672043010752689,0.27113445299101324,0.7058159232072275,0.18775834676110859,97.08443545157849,11.650132254189417,18.228413096623935,-97.08443545157849,-1.0,lost,False,907.2450919463055,862.0611204614553,142.26840693642868,824.0680628737091
poland_tax_12,close,0.12,fractional_kelly,115702,80526,2026-08-02,LEC ,3,SK Gaming,G2 Esports,a,2,sts,56894,2026-08-02T14:55:42+00:00,2026-08-02T15:00:00+00:00,2026-08-02T21:26:52.204524+00:00,0.07166666666666667,6.44783459,8.15,8.15,0.0,0.1834028519274368,0.1141304347826087,0.0692724171448281,0.13943112102621305,0.31536525402357674,9.771835166487909,1.1726202199785491,3.08169727955598,-9.771835166487909,-1.0,lost,False,907.2450919463055,764.9766850098767,152.04024210291658,897.4732567798176
poland_tax_12,close,0.12,fractional_kelly,115681,80636,2026-08-03,KeSPA Cup,3,Gen.G,Hanwha Life Esports,b,9,lebull,58716,2026-08-03T00:55:02+00:00,2026-08-03T08:00:00+00:00,2026-08-03T15:26:15.847721+00:00,7.082777777777777,7.437735478055555,1.74,1.74,0.0,0.7916162802055557,0.5245901639344261,0.2670261162711296,0.6530825496342738,0.21212284825074712,75.39354469199799,9.047225363039757,15.99269343978661,40.04905094038932,0.5311999999999999,won,True,897.4732567798176,755.204849843389,217.66195162842666,950.5598125370227
poland_tax_12,close,0.12,fractional_kelly,116341,81056,2026-08-04,KeSPA Cup,3,T1,Hanwha Life Esports,a,2,sts,60263,2026-08-03T16:55:40+00:00,2026-08-04T06:00:00+00:00,2026-08-05T15:26:29.694996+00:00,13.072222222222223,33.44158194333333,2.65,2.65,0.0,0.5035021632843889,0.3488943488943489,0.15460781439004,0.42881646655231564,0.17416704477919498,26.821293633630116,3.218555236035614,4.671385449324394,35.72596311999531,1.3319999999999999,won,True,950.5598125370227,820.4988071144664,156.88229905618633,921.1524983252876
poland_tax_12,close,0.12,fractional_kelly,116261,81120,2026-08-10,LCK,3,Hanwha Life,Gen.G,b,5,efortuna,61494,2026-08-03T22:55:32+00:00,2026-08-10T06:00:00+00:00,2026-08-10T19:26:59.702873+00:00,151.07444444444445,13.449917464722223,2.16,2.16,0.0,0.6038077295548236,0.42857142857142855,0.1752363009833951,0.5260942760942761,0.14771773233780894,32.53781152833588,3.904537383400305,4.806411734200793,-32.53781152833588,-1.0,lost,False,950.5598125370227,793.6775134808364,189.4201105845222,766.9439959265453
poland_tax_12,close,0.12,fractional_kelly,116256,80830,2026-08-04,GameWaves / Road of Legends,3,mCon esports,The Bandits,a,3,betclic,65057,2026-08-04T14:56:14+00:00,2026-08-04T17:00:00+00:00,2026-08-05T15:26:29.643032+00:00,2.062777777777778,22.44156750888889,3.0,3.0,0.0,0.5914246983832736,0.3055555555555556,0.285869142827718,0.3787878787878788,0.5613612037318423,65.1332773317304,7.815993279807647,36.563294965940095,-65.1332773317304,-1.0,lost,False,950.5598125370227,761.1397019525004,254.5533879162526,885.4265352052923
poland_tax_12,close,0.12,fractional_kelly,116072,80863,2026-08-06,LCP,5,Fukuoka SoftBank HAWKS,Ground Zero Gaming,a,4,superbet,66730,2026-08-04T22:55:36+00:00,2026-08-06T09:00:00+00:00,2026-08-06T19:27:33.226332+00:00,34.07333333333333,10.459229536666665,2.32,2.32,0.0,0.5306754541977166,0.3942558746736292,0.13641957952408734,0.48981191222570536,0.08342700729005803,13.936667881327816,1.6724001457593378,1.1626944929346532,-13.936667881327816,-1.0,lost,False,950.5598125370227,696.0064246207701,268.4900557975804,804.1756028086822
poland_tax_12,close,0.12,fractional_kelly,116170,80848,2026-08-05,TCL,3,Shark Attack,Ozarox Esports,a,3,betclic,69557,2026-08-05T10:56:16+00:00,2026-08-05T14:30:00+00:00,2026-08-05T21:28:05.203887+00:00,3.562222222222222,6.968112190833334,3.2,3.2,0.0,0.6726368996536225,0.2857142857142857,0.3869226139393368,0.35511363636363635,0.8941455094246009,83.95782077407796,10.074938492889356,75.07050842621727,-83.95782077407796,-1.0,lost,False,950.5598125370227,682.0697567394423,352.44787657165836,767.6452429894455
poland_tax_12,close,0.12,fractional_kelly,117032,80726,2026-08-05,Riot LoL / NLC,3,Brod & Friends,Epic Avalanche,a,7,betfan,70820,2026-08-05T16:55:13+00:00,2026-08-05T18:00:00+00:00,2026-08-05T21:28:05.186341+00:00,1.0797222222222222,3.4681073169444447,1.57,1.57,0.0,0.8444645953252314,0.5890052356020942,0.25545935972313727,0.7237984944991314,0.16671228490133982,72.15671092718644,8.658805311262372,12.029410149636727,27.535000889814356,0.38160000000000016,won,True,824.0680628737091,660.6591927189897,235.5655810819058,851.6030637635234
poland_tax_12,close,0.12,fractional_kelly,116858,80708,2026-08-05,Riot LoL / Circuito Desafiante,1,Kabum Idl,Ei Nerd eSports,a,3,betclic,71369,2026-08-05T18:56:12+00:00,2026-08-05T22:00:00+00:00,2026-08-06T19:27:33.196978+00:00,3.0633333333333335,21.45922138277778,2.03,2.03,0.0,0.7518024978474942,0.4281690140845071,0.3236334837629871,0.5597850425436633,0.3430199821547635,64.17475546867321,7.700970656240785,22.013223475650594,50.4670277005646,0.7863999999999998,won,True,824.0680628737091,588.5024817918033,299.740336550579,818.1122706900101
poland_tax_12,close,0.12,fractional_kelly,116062,81038,2026-08-07,LCK,3,KT Rolster,Gen.G,b,7,betfan,74867,2026-08-07T00:55:13+00:00,2026-08-07T08:00:00+00:00,2026-08-07T19:26:24.392910+00:00,7.079722222222222,11.440109141666667,1.42,1.42,0.0,0.8569398470928984,0.6594724220623501,0.19746742503054826,0.8002560819462228,0.07083203292728579,52.4047235075064,6.288566820900767,3.711933101029001,13.080218987473598,0.24960000000000004,won,True,804.1756028086822,738.6612213093687,117.91910500681996,817.2558217961558
poland_tax_12,close,0.12,fractional_kelly,116348,80945,2026-08-07,CBLOL,3,Keyd Stars Esports,Fluxo W7M,a,3,betclic,76422,2026-08-07T10:55:58+00:00,2026-08-07T21:00:00+00:00,2026-08-08T01:33:06.503539+00:00,10.067222222222222,4.551806538611111,1.98,1.98,0.0,0.6727958664744438,0.46195652173913043,0.21083934473531335,0.5739210284664831,0.1722795177450709,39.81274868356886,4.7775298420282635,6.858921143310949,29.556984622681522,0.7424,won,True,804.1756028086822,686.2564978018622,157.73185369038882,846.8128064188373
poland_tax_12,close,0.12,fractional_kelly,116709,81099,2026-08-07,Riot LoL / LEC,3,Fnatic,Team Heretics,b,2,sts,77273,2026-08-07T16:55:37+00:00,2026-08-07T17:15:00+00:00,2026-08-08T01:33:06.522402+00:00,0.32305555555555554,8.301811778333333,3.7,3.7,0.0,0.3445026399799147,0.24949290060851925,0.09500973937139545,0.3071253071253071,0.12170059577460224,8.718150421372327,1.0461780505646792,1.0610041003336117,19.66814735061597,2.2560000000000002,won,True,804.1756028086822,646.4437491182935,166.45000411176113,866.4809537694533
poland_tax_12,close,0.12,fractional_kelly,115907,81005,2026-08-08,LPL,3,Weibo Gaming,LNG Esports,b,3,betclic,78296,2026-08-07T22:56:04+00:00,2026-08-08T07:00:00+00:00,2026-08-10T19:26:59.661044+00:00,8.065555555555555,60.449905845555556,3.0,3.0,0.0,0.4004282054473196,0.3055555555555556,0.09487264989176403,0.3787878787878788,0.057130462380923674,6.12419868436478,0.7349038421237736,0.3498783025504043,-6.12419868436478,-1.0,lost,False,817.2558217961558,703.210541191901,120.16947928861953,777.1700335098594
poland_tax_12,close,0.12,fractional_kelly,116351,80969,2026-08-08,LCS,3,Cloud9,Disguised,b,8,totalbet,78693,2026-08-08T02:55:01+00:00,2026-08-08T20:00:00+00:00,2026-08-10T19:26:59.647471+00:00,17.083055555555557,47.44990207527778,8.5,8.5,0.0,0.1851378197134561,0.1090146750524109,0.07612314466104521,0.1336898395721925,0.38483089145665184,11.800922036826192,1.416110644419143,4.541359347442271,-11.800922036826192,-1.0,lost,False,866.4809537694533,794.842373585775,83.43950222050454,783.2942321942242
poland_tax_12,close,0.12,fractional_kelly,116058,81050,2026-08-09,LCK,3,Dplus KIA,KT Rolster,a,2,sts,78875,2026-08-08T02:55:35+00:00,2026-08-09T08:00:00+00:00,2026-08-10T19:26:59.682293+00:00,29.073611111111113,35.449911748055555,1.6,1.6,0.0,0.8051022625609012,0.5789473684210527,0.22615489413984857,0.7102272727272727,0.13358398568574903,64.09423900432775,7.691308680519329,8.561963905693094,26.15044951376573,0.40800000000000014,won,True,866.4809537694533,783.0414515489488,147.53374122483228,803.3204830236251
poland_tax_12,close,0.12,fractional_kelly,116344,80957,2026-08-09,CBLOL,3,LOUD,Keyd Stars Esports,b,2,sts,78916,2026-08-08T02:55:35+00:00,2026-08-09T16:00:00+00:00,2026-08-10T19:26:59.643792+00:00,37.07361111111111,27.449901053333335,2.65,2.65,0.0,0.6556725834236359,0.3488943488943489,0.306778234529287,0.42881646655231564,0.5290284645439189,71.38579953840302,8.566295944608362,37.76511992004135,-71.38579953840302,-1.0,lost,False,866.4809537694533,718.947212544621,218.91954076323532,795.0951542310503
poland_tax_12,close,0.12,fractional_kelly,116679,81108,2026-08-09,Riot LoL / LEC,3,G2 Esports,Team Heretics,b,2,sts,78889,2026-08-08T02:55:35+00:00,2026-08-09T15:00:00+00:00,2026-08-10T19:26:59.695003+00:00,36.07361111111111,28.449915278611112,11.6,11.6,0.0,0.11935111682646249,0.08009516256938938,0.03925595425707311,0.09796238244514106,0.21833620056452907,3.8386755687439034,0.46064106824926837,0.8381218388794266,-3.8386755687439034,-1.0,lost,False,866.4809537694533,647.561413006218,222.7582163319792,799.4818074548812
poland_tax_12,close,0.12,fractional_kelly,116710,81114,2026-08-10,Riot LoL / LEC,3,SK Gaming,Team Vitality,a,2,sts,78892,2026-08-08T02:55:35+00:00,2026-08-10T15:00:00+00:00,2026-08-11T01:26:24.768933+00:00,60.07361111111111,10.4402135925,3.05,3.05,0.0,0.4640440883876195,0.3036529680365297,0.16039112035108982,0.3725782414307005,0.2454943332323707,23.460552882085683,2.815266345850282,5.759432787050397,-23.460552882085683,-1.0,lost,False,866.4809537694533,643.722737437474,246.2187692140649,743.4834430444596
poland_tax_12,close,0.12,fractional_kelly,117945,81149,2026-08-10,Riot LoL / NLC,3,Arctic Pandas,Brod & Friends,b,7,betfan,79117,2026-08-10T16:55:13+00:00,2026-08-10T18:00:00+00:00,2026-08-11T01:26:24.776147+00:00,1.0797222222222222,7.440215596388889,7.0,7.0,0.0,0.2226874907370887,0.1325898389095415,0.0900976518275472,0.16233766233766234,0.3717549429404663,11.171779700945613,1.3406135641134735,4.153164325268496,-11.171779700945613,-1.0,lost,False,866.4809537694533,620.2621845553884,257.3905489150105,732.3116633435139
poland_tax_12,close,0.12,fractional_kelly,116800,81065,2026-08-10,Riot LoL / LRN,5,Zeu5 eSports,G3V E-Sports,b,2,sts,80303,2026-08-10T22:55:36+00:00,2026-08-10T23:00:00+00:00,2026-08-11T07:27:08.757034+00:00,0.07333333333333333,8.452432509444444,8.5,8.5,0.0,0.18038225286092113,0.1090146750524109,0.07136757780851023,0.1336898395721925,0.34925925139969016,9.42319641932193,1.1307835703186317,3.2911385272046183,-9.42319641932193,-1.0,lost,False,766.9439959265453,699.3350933725363,77.0320989733309,722.888466924192
poland_tax_12,close,0.12,fractional_kelly,118046,81468,2026-08-11,KeSPA Cup,5,Hanwha Life Esports,DN SOOPers,b,8,totalbet,81404,2026-08-11T06:55:02+00:00,2026-08-11T09:00:00+00:00,2026-08-11T19:27:39.779774+00:00,2.082777777777778,10.461049937222223,3.75,3.75,0.0,0.8999968207573616,0.24698795180722893,0.6530088689501328,0.30303030303030304,1.9699895084992933,147.7303476942041,17.727641723304494,291.02723504453485,339.77979969666944,2.3,won,True,732.3116633435139,689.9118969532143,190.13011408450373,1060.0844891694755
poland_tax_12,close,0.12,fractional_kelly,117946,81302,2026-08-11,GameWaves / Road of Legends,3,mCon esports,Frites eSports Club,a,8,totalbet,81709,2026-08-11T08:55:01+00:00,2026-08-11T17:00:00+00:00,2026-08-11T19:27:39.776094+00:00,8.083055555555555,2.461048915,8.25,8.25,0.0,0.1541774987436528,0.11194833153928956,0.04222916720436325,0.13774104683195593,0.11932864087891937,2.583777451385965,0.3100532941663158,0.3083186516074854,-2.583777451385965,-1.0,lost,False,722.888466924192,542.1815492590102,183.29069511656778,720.3046894728061
poland_tax_12,close,0.12,fractional_kelly,117959,81436,2026-08-16,Riot LoL / LCS,3,Flyquest,Cloud9,a,4,superbet,83288,2026-08-11T22:55:46+00:00,2026-08-16T20:00:00+00:00,2026-08-17T07:26:31.574743+00:00,117.07055555555556,11.442104095277777,2.45,2.45,0.0,0.5306457770604307,0.3734015345268542,0.1572442425335765,0.46382189239332094,0.14407229534228883,32.00211840033944,3.840254208040733,4.610618653752599,-32.00211840033944,-1.0,lost,False,1060.0844891694755,1027.107919198498,64.97868837131713,900.3417028255504
poland_tax_12,close,0.12,fractional_kelly,115665,81070,2026-08-11,Riot LoL / LRN,5,Sdm Tigres,Kits eSports,a,2,sts,83353,2026-08-11T22:55:50+00:00,2026-08-11T23:00:00+00:00,2026-08-12T13:29:26.595441+00:00,0.06944444444444445,14.490720955833332,2.25,2.25,0.0,0.5768755881277844,0.4109947643979057,0.16588082372987867,0.5050505050505051,0.14221366449301298,36.10143941065317,4.332172729278381,5.134117992061467,-36.10143941065317,-1.0,lost,False,1060.0844891694755,995.1058007981584,101.0801277819703,1023.9830497588224
poland_tax_12,close,0.12,fractional_kelly,116302,81338,2026-08-12,LCK,3,Dplus KIA,KT Rolster,a,4,superbet,84036,2026-08-12T02:55:41+00:00,2026-08-12T10:00:00+00:00,2026-08-12T13:29:26.678677+00:00,7.071944444444444,3.4907440769444444,1.53,1.53,0.0,0.7889019974280618,0.5973684210526315,0.19153357637543023,0.7427213309566251,0.06217764933714243,43.03452431808783,5.16414291817054,2.6757855624407934,14.907159223785627,0.34640000000000004,won,True,1060.0844891694755,959.0043613875052,144.11465210005815,1038.890208982608
poland_tax_12,close,0.12,fractional_kelly,117315,81167,2026-08-12,Mistrzostwa Polski / Rift Legends,3,Anonymo Esports,Bomba Team,a,2,sts,84442,2026-08-12T12:55:40+00:00,2026-08-12T15:00:00+00:00,2026-08-12T19:26:59.338367+00:00,2.0722222222222224,4.449816213055556,9.5,9.5,0.0,0.1608456168804484,0.09781576448243115,0.06302985239801726,0.11961722488038279,0.3446693571205488,10.72373420124082,1.2868481041488984,3.6961425730733155,-10.72373420124082,-1.0,lost,False,1060.0844891694755,915.9698370694174,154.83838630129898,1028.1664747813672
poland_tax_12,close,0.12,fractional_kelly,117948,81329,2026-08-12,Riot LoL / TCL,3,Su eSports,Shark Attack,b,2,sts,84419,2026-08-12T12:55:40+00:00,2026-08-12T14:30:00+00:00,2026-08-13T01:26:19.575458+00:00,1.5722222222222222,10.938770960555555,10.5,10.5,0.0,0.19561442352023417,0.08854166666666667,0.1070727568535675,0.10822510822510822,0.8074772733269637,22.17735603258056,2.661282723909667,17.90771097878944,-22.17735603258056,-1.0,lost,False,1060.0844891694755,905.2461028681765,177.01574233387953,992.9175005933665
poland_tax_12,close,0.12,fractional_kelly,117970,81299,2026-08-12,Riot LoL / Prime League,3,Eintracht Frankfurt,Rossmann Centaurs,a,2,sts,84438,2026-08-12T12:55:40+00:00,2026-08-12T16:00:00+00:00,2026-08-13T01:26:19.569040+00:00,3.0722222222222224,9.438769177777779,4.5,4.5,0.0,0.267978043796224,0.2063492063492063,0.061628837447017665,0.25252525252525254,0.06119305343304693,4.563992652885517,0.547679118346262,0.27928464627605704,-4.563992652885517,-1.0,lost,False,1060.0844891694755,883.068746835596,181.57973498676506,1023.6024821284817
poland_tax_12,close,0.12,fractional_kelly,117969,81314,2026-08-12,Riot LoL / NACL,3,Cupid eSports,Ole Miss eSports,b,8,totalbet,85192,2026-08-12T20:55:01+00:00,2026-08-12T21:00:00+00:00,2026-08-13T01:26:19.572085+00:00,0.08305555555555555,4.438770023611111,6.1,6.1,0.0,0.21585940749059018,0.15159944367176637,0.06425996381882382,0.18628912071535025,0.15873329940948788,8.50762550253462,1.0209150603041544,1.3504434661576226,-8.50762550253462,-1.0,lost,False,1028.1664747813672,936.446437724584,100.22766255931786,1015.094856625947
poland_tax_12,close,0.12,fractional_kelly,115730,81376,2026-08-13,LPL,3,Ninjas in Pyjamas,Weibo Gaming,a,8,totalbet,86747,2026-08-13T06:55:02+00:00,2026-08-13T07:00:00+00:00,2026-08-13T13:26:52.585413+00:00,0.08277777777777778,6.4479403925000005,1.78,1.78,0.0,0.6918182591074278,0.5202156334231806,0.17160262568424722,0.6384065372829417,0.08366412106587484,34.26694258804276,4.112033110565131,2.866913633243392,19.40879628186742,0.5664,won,True,992.9175005933665,927.9388122220494,99.24563095935991,991.871333660845
poland_tax_12,close,0.12,fractional_kelly,117688,81344,2026-08-13,LCK,3,Gen.G,Hanwha Life Esports,b,2,sts,87222,2026-08-13T08:55:37+00:00,2026-08-13T10:00:00+00:00,2026-08-13T13:26:52.579589+00:00,1.0730555555555557,3.4479387747222225,2.2,2.2,0.0,0.5607929709711446,0.42105263157894735,0.1397403393921972,0.5165289256198347,0.08569519180013585,20.454963214388965,2.4545955857266755,1.7528919959217857,-20.454963214388965,-1.0,lost,False,992.9175005933665,893.6718696340066,119.70059417374888,972.4625373789776
poland_tax_12,close,0.12,fractional_kelly,118942,81587,2026-08-13,Riot LoL / TCL,3,Boostgate eSports,Bbl Dark Passage,b,2,sts,88083,2026-08-13T14:55:36+00:00,2026-08-13T17:30:00+00:00,2026-08-13T19:26:58.370772+00:00,2.5733333333333333,1.9495474366666667,1.57,1.57,0.0,0.8623910552199872,0.5890052356020942,0.273385819617893,0.7237984944991314,0.1914794818919343,116.27418991711431,13.952902790053717,22.26412164273342,44.37023087237084,0.38160000000000016,won,True,991.871333660845,926.8926452895279,181.25287828843148,1036.241564533216
poland_tax_12,close,0.12,fractional_kelly,117957,81323,2026-08-13,Riot LoL / NACL,3,Dorado Gaming,Ole Miss eSports,b,8,totalbet,88971,2026-08-13T22:55:02+00:00,2026-08-14T00:00:00+00:00,2026-08-14T07:26:08.273641+00:00,1.0827777777777778,7.435631566944444,2.41,2.41,0.0,0.6891782641622197,0.3836317135549872,0.3055465506072325,0.47152018106374954,0.4616092626352357,100.00533995585123,12.000640794702147,46.163391236606564,-100.00533995585123,-1.0,lost,False,1036.241564533216,971.2628761618988,164.9840283271684,890.1188558485983
poland_tax_12,close,0.12,fractional_kelly,117951,81326,2026-08-13,Riot LoL / NACL,3,NRG eSports,Contingent eSports,b,2,sts,89408,2026-08-14T00:55:30+00:00,2026-08-14T03:00:00+00:00,2026-08-14T07:26:08.275410+00:00,2.075,4.435632058333334,8.15,8.15,0.0,0.17786167332355274,0.1141304347826087,0.06373123854094404,0.13943112102621305,0.27562392107652034,9.726969312888011,1.1672363175465612,2.6809854222091802,-9.726969312888011,-1.0,lost,False,1036.241564533216,871.2575362060476,174.7109976400564,880.3918865357102
poland_tax_12,close,0.12,fractional_kelly,117686,81266,2026-08-14,KeSPA LoL / LCK CL,3,Fearx Youth,Brion Challengers,a,3,betclic,89427,2026-08-14T00:55:58+00:00,2026-08-14T05:00:00+00:00,2026-08-14T07:26:08.260587+00:00,4.067222222222222,2.4356279408333337,1.52,1.52,0.0,0.801649479497048,0.6020942408376962,0.19955523865935176,0.7476076555023923,0.07228634377525145,46.11736872876646,5.5340842474519745,3.333655969937643,-46.11736872876646,-1.0,lost,False,1036.241564533216,861.5305668931596,220.82836636882286,990.1241958044495
poland_tax_12,close,0.12,fractional_kelly,115729,81263,2026-08-14,LCK Challengers,3,Dplus KIA Challengers,T1 Esports Academy,a,2,sts,89644,2026-08-14T02:55:31+00:00,2026-08-14T03:00:00+00:00,2026-08-14T13:27:08.192203+00:00,0.07472222222222222,10.452275611944444,2.75,2.75,0.0,0.4623317275406025,0.3373493975903614,0.12498232995024106,0.4132231404958678,0.11884278064825793,17.060910536469272,2.0473092643763127,2.0275660485451703,24.226492961786366,1.42,won,True,1036.241564533216,815.4131981643932,237.88927690529212,904.6183794974966
poland_tax_12,close,0.12,fractional_kelly,118351,81481,2026-08-14,LEC,3,GIANTX,Team Vitality,a,4,superbet,90923,2026-08-14T12:55:33+00:00,2026-08-14T17:15:00+00:00,2026-08-15T01:26:33.864463+00:00,4.324166666666667,8.192740128611112,2.2,2.2,0.0,0.5433946968404755,0.4164456233421751,0.12694907349830037,0.5165289256198347,0.05201213308316066,11.090813416492875,1.330897609979145,0.5768568634191311,-11.090813416492875,-1.0,lost,False,880.3918865357102,798.3522876279238,93.1304123242793,893.5275660810037
poland_tax_12,close,0.12,fractional_kelly,118343,81460,2026-08-16,CBLOL,3,LOUD,LEVIATAN,b,2,sts,95643,2026-08-16T06:55:35+00:00,2026-08-16T19:00:00+00:00,2026-08-16T19:26:51.734613+00:00,12.073611111111111,0.44770405916666667,10.5,10.5,0.0,0.21023741421069464,0.08854166666666667,0.12169574754402797,0.10822510822510822,0.9425937073068185,23.694931988024187,2.8433918385629022,22.33469378697464,-23.694931988024187,-1.0,lost,False,893.5275660810037,828.5488777096865,88.67362035934133,836.8560641220014
poland_tax_12,close,0.12,fractional_kelly,119280,81657,2026-08-16,LCP,5,Team Secret Whales,CTBC Flying Oyster,b,2,sts,95984,2026-08-16T08:55:34+00:00,2026-08-16T09:00:00+00:00,2026-08-16T19:26:51.751478+00:00,0.07388888888888889,10.447708743888889,8.15,8.15,0.0,0.2055994741195739,0.1141304347826087,0.09146903933696521,0.13943112102621305,0.4745594283855843,15.471120723248301,1.8565344867897962,7.341966206909081,95.48775710388853,6.172000000000001,won,True,893.5275660810037,804.8539457216623,104.14474108258963,932.3438212258899
poland_tax_12,close,0.12,fractional_kelly,118275,81473,2026-08-17,KeSPA Cup,5,T1,DN SOOPers,b,8,totalbet,99157,2026-08-17T06:55:01+00:00,2026-08-17T09:00:00+00:00,2026-08-18T13:26:54.644423+00:00,2.0830555555555557,28.448512339722225,1.9,1.9,0.0,0.7554554939128433,0.4878706199460916,0.2675848739667517,0.5980861244019139,0.26312158582227396,88.13219368652733,10.57586324238328,23.189482564794872,59.22483415734636,0.6719999999999999,won,True,932.3438212258899,900.3417028255508,120.13431208686642,972.9734675177954
poland_tax_12,close,0.12,fractional_kelly,119252,81683,2026-08-17,KeSPA LoL / LCK CL,3,Drx Challengers,Hanwha Life Esports Challengers,a,3,betclic,99715,2026-08-17T08:56:03+00:00,2026-08-17T10:00:00+00:00,2026-08-17T13:27:05.106342+00:00,1.0658333333333334,3.451418428333333,1.48,1.48,0.0,0.8357008343113654,0.6185567010309277,0.2171441332804377,0.7678132678132679,0.08841676660712228,59.369162207035735,7.124299464844288,5.249229358519863,17.953234651407605,0.3024,won,True,900.3417028255504,812.2095091390235,147.5013558935627,918.294937476958
poland_tax_12,close,0.12,fractional_kelly,118284,81553,2026-08-17,LRN,5,3v Team,LYON Academy,b,2,sts,101792,2026-08-17T22:55:34+00:00,2026-08-17T23:00:00+00:00,2026-08-18T07:26:41.092048+00:00,0.07388888888888889,8.44474779111111,7.1,7.1,0.0,0.17845080197002217,0.1309669522643819,0.04748384970564026,0.16005121638924458,0.11496061070869845,4.546304116508987,0.5455564939810784,0.5226458977013428,-4.546304116508987,-1.0,lost,False,918.294937476958,830.162743790431,92.67849780303595,913.748633360449
poland_tax_12,close,0.12,fractional_kelly,119232,81686,2026-08-18,LCK Challengers,3,DN SOOPers Challengers,Nongshim Esports Academy,a,2,sts,102988,2026-08-18T06:55:34+00:00,2026-08-18T08:00:00+00:00,2026-08-18T13:26:54.667635+00:00,1.073888888888889,5.4485187875,2.4,2.4,0.0,0.5021591549932756,0.38461538461538464,0.11754377037789093,0.47348484848484845,0.06056013534579785,11.240882043697987,1.3489058452437583,0.6807493379724988,12.499860832592162,1.112,won,True,918.294937476958,825.6164396739221,103.91937984673393,985.4733283503875
poland_tax_12,close,0.12,fractional_kelly,120064,81728,2026-08-18,KeSPA Cup,5,Nongshim RedForce,DN SOOPers,b,7,betfan,103267,2026-08-18T08:55:13+00:00,2026-08-18T09:00:00+00:00,2026-08-18T13:26:54.669394+00:00,0.07972222222222222,4.448519276111111,2.2,2.2,0.0,0.5916663235090196,0.42105263157894735,0.17061369193007225,0.5165289256198347,0.14546600231346196,31.641014089280215,3.7969216907136256,4.602691828711518,29.61598918756629,0.9360000000000003,won,True,913.748633360449,814.3755576302241,131.01408981950516,1015.0893175379538
poland_tax_12,close,0.12,fractional_kelly,119282,81718,2026-08-18,LES,5,Movistar KOI Fenix,Barca,b,2,sts,104323,2026-08-18T14:55:37+00:00,2026-08-18T15:00:00+00:00,2026-08-19T13:27:11.501017+00:00,0.07305555555555555,22.453194726944446,8.5,8.5,0.0,0.19057196101938478,0.1090146750524109,0.08155728596697388,0.1336898395721925,0.42547826842499825,16.662748654427535,1.999529838531304,7.089637444686797,-16.662748654427535,-1.0,lost,False,1015.0893175379538,1015.0893175379538,16.662748654427535,1016.6871763150132
poland_tax_12,close,0.12,fractional_kelly,120095,81645,2026-08-18,GameWaves / Road of Legends,3,Dynasty,Once Upon A Team,a,8,totalbet,104406,2026-08-18T16:55:04+00:00,2026-08-18T17:00:00+00:00,2026-08-19T01:28:41.904596+00:00,0.08222222222222222,8.478306832222222,1.77,1.77,0.0,0.7181779915345932,0.522911051212938,0.19526694032165515,0.6420133538777606,0.11863403961428243,53.10589003088247,6.3727068037058965,6.300166261675437,29.61184428122007,0.5576000000000001,won,True,1015.0893175379538,998.4265688835262,69.76863868531001,1044.7011618191739
poland_tax_12,close,0.12,fractional_kelly,119000,81760,2026-08-18,Riot LoL / Circuito Desafiante,3,INTZ eSports,7Rex Team,b,2,sts,104948,2026-08-18T18:55:51+00:00,2026-08-18T20:00:00+00:00,2026-08-19T01:28:41.931816+00:00,1.0691666666666666,5.478314393333333,5.09,5.09,0.0,0.23544247673767993,0.18035426731078907,0.055088209426890855,0.22325415252723702,0.05459394180341581,3.708379952779861,0.44500559433358333,0.20245507932701762,-3.708379952779861,-1.0,lost,False,1015.0893175379538,945.3206788526438,73.47701863808987,1040.9927818663941
poland_tax_12,close,0.12,fractional_kelly,118587,81763,2026-08-18,Circuito Desafiante,3,KaBuM! Ilha das Lendas,Keyd Stars Academy,a,8,totalbet,105096,2026-08-18T20:55:02+00:00,2026-08-18T23:00:00+00:00,2026-08-19T01:28:41.935265+00:00,2.082777777777778,2.478315351388889,1.77,1.77,0.0,0.6846225193968666,0.5241935483870968,0.16042897100976983,0.6420133538777606,0.06636803621255938,28.018722718605403,3.362246726232648,1.8595476040180636,-28.018722718605403,-1.0,lost,False,1015.0893175379538,941.6122988998638,101.49574135669528,1012.9740591477887
poland_tax_12,close,0.12,fractional_kelly,119230,81695,2026-08-19,LCK Challengers,3,Hanwha Life Challengers,BNK FearX Youth,b,9,lebull,106012,2026-08-19T02:55:04+00:00,2026-08-19T05:00:00+00:00,2026-08-19T07:29:52.719413+00:00,2.082222222222222,2.4979776147222226,1.53,1.53,0.0,0.8034798108536649,0.5973684210526315,0.20611138980103338,0.7427213309566251,0.08180521733337454,58.82178354980409,7.058614025976491,4.811928787228439,20.375865821652138,0.34640000000000004,won,True,1012.9740591477887,996.3113104933611,75.48453220423164,1033.3499249694407
poland_tax_12,close,0.12,fractional_kelly,119279,81677,2026-08-19,LCK,3,HANJIN BRION,DN SOOPers,b,2,sts,106886,2026-08-19T08:55:35+00:00,2026-08-19T10:00:00+00:00,2026-08-19T19:28:49.631132+00:00,1.073611111111111,9.480453092222223,1.75,1.75,0.0,0.7700451419834322,0.527027027027027,0.24301811495640524,0.6493506493506493,0.18586951865448542,87.48664633512021,10.498397560214425,16.261100843003994,-87.48664633512021,-1.0,lost,False,1033.3499249694407,1016.6871763150132,104.14939498954777,929.200529979893
poland_tax_12,close,0.12,fractional_kelly,119947,81834,2026-08-19,TCL,5,SU,Dark Passage,b,9,lebull,107758,2026-08-19T14:55:07+00:00,2026-08-19T15:00:00+00:00,2026-08-20T15:23:21.813117+00:00,0.08138888888888889,24.3893925325,9.79,9.79,0.0,0.308298228656141,0.09351851851851853,0.21477971013762245,0.11607391586962579,1.6560508995183856,50.517497029170684,6.062099643500482,83.65954639657548,-50.517497029170684,-1.0,lost,False,1016.6871763150132,929.200529979893,138.00414336429094,819.5633408678849
poland_tax_12,close,0.12,fractional_kelly,117096,81184,2026-08-19,LRS,5,Docta Esports,Maze,a,2,sts,108413,2026-08-19T18:55:39+00:00,2026-08-19T20:00:00+00:00,2026-08-20T15:23:21.225402+00:00,1.0725,19.38922927833333,4.9,4.9,0.0,0.4386257074937432,0.18739635157545603,0.25122935591828716,0.23191094619666047,0.8913540507130207,59.119692082837325,7.094363049940479,52.69657701494355,-59.119692082837325,-1.0,lost,False,1016.6871763150132,878.6830329507222,197.12383544712827,870.0808378970556
poland_tax_12,close,0.12,fractional_kelly,119228,81868,2026-08-20,LCK Challengers,3,Dplus KIA Challengers,DN SOOPers Challengers,b,2,sts,108631,2026-08-19T20:55:34+00:00,2026-08-20T05:00:00+00:00,2026-08-20T15:23:21.833469+00:00,8.073888888888888,10.389398185833333,2.8,2.8,0.0,0.48186577996993163,0.3301435406698564,0.15172223930007522,0.40584415584415584,0.18731728184591145,26.215569896162307,3.1458683875394766,4.910629294990627,-26.215569896162307,-1.0,lost,False,929.200529979893,819.5633408678849,135.85275900817038,793.3477709717226
poland_tax_12,close,0.12,fractional_kelly,120588,82022,2026-08-21,LCP,5,Team Secret Whales,GAM Esports,b,9,lebull,110549,2026-08-21T08:55:13+00:00,2026-08-21T09:00:00+00:00,2026-08-21T14:46:18.169611+00:00,0.07972222222222222,5.771713780833334,4.5,4.5,0.0,0.30070643429776456,0.20212765957446804,0.09857877472329651,0.25252525252525254,0.19079747981914785,12.784523253508702,1.5341427904210443,2.439254817458753,-12.784523253508702,-1.0,lost,False,793.3477709717226,793.3477709717226,12.784523253508759,780.5632477182139
poland_tax_12,close,0.12,fractional_kelly,119276,81859,2026-08-22,LCK,3,DN SOOPers,Kiwoom DRX,a,9,lebull,111903,2026-08-22T08:55:05+00:00,2026-08-22T10:00:00+00:00,2026-08-22T14:04:57.569894+00:00,1.0819444444444444,4.082658303888889,1.79,1.79,0.0,0.744067714040229,0.5109289617486339,0.23313875229159509,0.6348400203148806,0.17205546315616882,58.37107576010106,7.0045290912121265,10.043062474828007,33.57504277721012,0.5751999999999999,won,True,780.5632477182139,780.5632477182139,58.371075760101114,814.138290495424
poland_tax_12,close,0.12,fractional_kelly,120091,81743,2026-08-22,CBLOL,3,LEVIATAN,Keyd Stars Esports,a,2,sts,112650,2026-08-22T14:56:26+00:00,2026-08-22T16:00:00+00:00,2026-08-22T20:04:43.187457+00:00,1.0594444444444444,4.0786631825,8.5,8.5,0.0,0.1857830996346314,0.1090146750524109,0.07676842458222051,0.1336898395721925,0.38965758526704297,12.239010815890634,1.468681297906876,4.769023400577166,-12.239010815890634,-1.0,lost,False,814.138290495424,814.1382904954239,12.23901081589069,801.8992796795334
poland_tax_12,close,0.12,fractional_kelly,120355,81789,2026-08-22,Riot LoL / LEC,3,Fnatic,Shifters,b,2,sts,112632,2026-08-22T14:56:26+00:00,2026-08-22T15:00:00+00:00,2026-08-22T20:04:43.208396+00:00,0.059444444444444446,5.078668998888889,4.5,4.5,0.0,0.2754781991598978,0.2063492063492063,0.06912899281069149,0.25252525252525254,0.09089366867319537,6.156044546998771,0.7387253456398525,0.5595454733923374,-6.156044546998771,-1.0,lost,False,814.138290495424,801.8992796795334,18.39505536288946,795.7432351325347
poland_tax_12,close,0.12,fractional_kelly,120824,82094,2026-08-24,KeSPA LoL / LCK CL,5,Soopers Challengers,Drx Challengers,b,2,sts,115314,2026-08-23T20:56:14+00:00,2026-08-24T05:00:00+00:00,2026-08-24T14:10:59.699458+00:00,8.062777777777777,9.183249849444445,2.5,2.5,0.0,0.5965330709199785,0.37027707808564236,0.22625599283433617,0.45454545454545453,0.31237275602395265,51.78510571786796,6.214212686144155,16.176256194082164,-51.78510571786796,-1.0,lost,False,795.7432351325347,795.7432351325347,51.785105717868014,743.9581294146667
poland_tax_12,close,0.12,fractional_kelly,120350,81804,2026-08-24,Riot LoL / LEC,3,G2 Esports,Giantx,b,2,sts,116009,2026-08-24T16:56:18+00:00,2026-08-24T17:15:00+00:00,2026-08-25T10:03:52.808270+00:00,0.31166666666666665,16.814668963888888,5.8,5.8,0.0,0.21890075736641945,0.15942028985507248,0.059480467511346974,0.19592476489028213,0.11726946559820495,5.314545094048377,0.6377454112858052,0.623233863076615,21.81089306597454,4.104,won,True,743.9581294146667,743.9581294146667,5.314545094048434,765.7690224806413
poland_tax_12,close,0.12,fractional_kelly,120793,81766,2026-08-25,Riot LoL / Circuito Desafiante,5,Pain Academy,Rmd Gaming,b,3,betclic,116198,2026-08-24T18:56:49+00:00,2026-08-25T20:00:00+00:00,2026-08-26T11:15:49.473970+00:00,25.053055555555556,15.263742769444445,4.5,4.5,0.0,0.34849047117022103,0.20353982300884954,0.1449506481613715,0.25252525252525254,0.3800222658340753,23.707855452476704,2.8449426542972045,9.009512947116933,70.17525213933104,2.9599999999999995,won,True,743.9581294146667,738.6435843206183,29.022400546525137,855.1795737813621
poland_tax_12,close,0.12,fractional_kelly,121090,82197,2026-08-25,KeSPA LoL / LCK CL,5,Drx Challengers,Fearx Youth,a,8,totalbet,116228,2026-08-24T20:55:05+00:00,2026-08-25T08:00:00+00:00,2026-08-26T11:15:49.694386+00:00,11.081944444444444,27.26380399611111,2.88,2.88,0.0,0.5108103531289785,0.3191489361702128,0.1916614169587657,0.3945707070707071,0.294597758970083,34.31609481429181,4.117931377715017,10.109444628895254,52.654615883049345,1.5343999999999998,won,True,743.9581294146667,714.9357288681416,63.33849536081695,919.3404798652379
poland_tax_12,close,0.12,fractional_kelly,118283,81812,2026-08-24,LRN,5,Fuego,Zeu5 Esports,b,2,sts,116367,2026-08-24T20:56:12+00:00,2026-08-24T23:00:00+00:00,2026-08-25T10:03:52.816552+00:00,2.0633333333333335,11.064671264444444,2.9,2.9,0.0,0.43614647658878836,0.31924882629107987,0.11689765029770849,0.39184952978056425,0.11304580825458799,12.393878325637768,1.487265399076532,1.4010759927307412,19.23529916138982,1.5520000000000003,won,True,743.9581294146667,680.6196340538497,75.73237368645472,785.0043216420311
poland_tax_12,close,0.12,fractional_kelly,120823,81963,2026-08-25,Riot LoL / TCL,5,Pcific eSports,Su eSports,a,2,sts,117009,2026-08-25T12:56:34+00:00,2026-08-25T15:00:00+00:00,2026-08-26T11:15:49.652706+00:00,2.0572222222222223,20.26379241833333,2.9,2.9,0.0,0.5049608615288006,0.31924882629107987,0.18571203523772073,0.39184952978056425,0.2886601186214992,33.803195914414424,4.056383509729731,9.757634542440645,-33.803195914414424,-1.0,lost,False,785.0043216420311,726.9803713752625,91.827146181183,821.3763778669477
poland_tax_12,close,0.12,fractional_kelly,121128,82064,2026-08-25,Road of Legends,3,Dynasty,The Bandits,a,7,betfan,117119,2026-08-25T14:55:16+00:00,2026-08-25T18:00:00+00:00,2026-08-26T11:15:49.675916+00:00,3.078888888888889,17.263798865555554,6.3,6.3,0.0,0.2275360334445839,0.1451831750339213,0.08235285841066259,0.18037518037518038,0.26145976941677307,9.971277754234341,1.1965533305081208,2.60708798241271,45.309486115240844,4.544,won,True,785.0043216420311,693.177175460848,101.79842393541733,866.6858639821885
poland_tax_12,close,0.12,fractional_kelly,120092,82159,2026-08-29,LCS,3,Cloud9,Lyon Gaming,b,4,superbet,118192,2026-08-26T12:56:05+00:00,2026-08-29T23:00:00+00:00,2026-08-30T17:11:58.222162+00:00,82.06527777777778,18.19950615611111,1.5,1.5,0.0,0.8104780707066215,0.6103896103896104,0.2000884603170111,0.7575757575757576,0.0698310533327402,50.15508912532545,6.0186106950390545,3.50238270361894,16.049628520104147,0.32,won,True,919.3404798652379,919.3404798652379,50.1550891253255,962.8460573332799
poland_tax_12,close,0.12,fractional_kelly,121072,82165,2026-08-30,LCS,3,Cloud9,Shopify Rebellion,b,4,superbet,118196,2026-08-26T12:56:05+00:00,2026-08-30T23:00:00+00:00,2026-08-31T05:07:58.695919+00:00,106.06527777777778,6.132971088611112,4.1,4.1,0.0,0.3801817281279851,0.222011385199241,0.15817034292874413,0.27716186252771624,0.3716956750857703,30.969368346027675,3.716324201523321,11.511180274356642,-30.969368346027675,-1.0,lost,False,919.3404798652379,869.1853907399123,81.12445747135318,928.5850866423868
poland_tax_12,close,0.12,fractional_kelly,121212,81984,2026-08-26,PG Esports / PG Nationals,5,Colossal Gaming,Aeterna eSports,b,8,totalbet,118372,2026-08-26T14:55:04+00:00,2026-08-26T16:00:00+00:00,2026-08-26T23:13:37.592576+00:00,1.0822222222222222,7.227109048888889,3.85,3.85,0.0,0.4416693024382803,0.24063116370808674,0.20103813873019355,0.29515938606847697,0.4963755966608936,43.55841480804915,5.227009776965898,21.6213341399481,-43.55841480804915,-1.0,lost,False,919.3404798652379,838.2160223938847,124.68287227940233,875.7820650571887
poland_tax_12,close,0.12,fractional_kelly,121211,82191,2026-08-26,Riot LoL / NLC,3,Dmg eSports,Volda E-Sport,b,7,betfan,118586,2026-08-26T16:55:17+00:00,2026-08-26T18:00:00+00:00,2026-08-26T23:13:37.634130+00:00,1.0786111111111112,5.227120591666666,3.4,3.4,0.0,0.3616482403420086,0.27194860813704497,0.08969963220496363,0.3342245989304813,0.08205153510328977,8.183091940753696,0.9819710328904435,0.6714352556301996,-8.183091940753696,-1.0,lost,False,919.3404798652379,794.6576075858355,132.86596422015603,867.598973116435
poland_tax_12,close,0.12,fractional_kelly,120901,82276,2026-08-26,Mistrzostwa Polski / Rift Legends,3,Docisk,Bomba Team,a,2,sts,118660,2026-08-26T16:56:18+00:00,2026-08-26T17:00:00+00:00,2026-08-26T23:13:37.657739+00:00,0.06166666666666667,6.227127149722222,9.5,9.5,0.0,0.1396462633776781,0.09781576448243115,0.041830498895246954,0.11961722488038279,0.16744276183738904,4.473147588802146,0.5367777106562575,0.7489961863752888,-4.473147588802146,-1.0,lost,False,919.3404798652379,786.4745156450819,137.33911180895817,863.1258255276329
poland_tax_12,close,0.12,fractional_kelly,121395,82279,2026-08-27,Rift Legends,3,Anonymo,devils.one,a,2,sts,120675,2026-08-27T14:56:16+00:00,2026-08-27T15:00:00+00:00,2026-08-27T23:14:24.849179+00:00,0.06222222222222222,8.240235883055556,11.6,11.6,0.0,0.135737717235828,0.08009516256938938,0.05564255466643862,0.09796238244514106,0.38561061754333226,8.187120722630123,0.9824544867156147,3.1570406777552145,-8.187120722630123,-1.0,lost,False,863.1258255276329,782.0013680562797,89.3115781939833,854.9387048050028
poland_tax_12,close,0.12,fractional_kelly,120965,82091,2026-08-28,Riot LoL / NACL,3,Winthrop University,NRG eSports,a,3,betclic,121878,2026-08-28T06:56:16+00:00,2026-08-29T00:00:00+00:00,2026-08-29T15:08:17.312809+00:00,17.06222222222222,15.138142446944444,4.5,4.5,0.0,0.3938780224920672,0.20353982300884954,0.19033819948321767,0.25252525252525254,0.5597569690685862,36.58343899574096,4.390012679488915,20.477834930361485,108.28697942739325,2.96,won,True,854.9387048050028,773.8142473336496,117.70789646709413,946.7964288131757
poland_tax_12,close,0.12,fractional_kelly,120927,82088,2026-08-28,NACL,3,Cupid Esports,Maryville University,b,2,sts,123053,2026-08-28T20:55:53+00:00,2026-08-28T21:00:00+00:00,2026-08-29T15:08:17.307654+00:00,0.06861111111111111,18.138141015,3.35,3.35,0.0,0.39811581635469917,0.2764578833693304,0.12165793298536876,0.33921302578018997,0.17364542661365334,16.42925541922029,1.9715106503064348,2.8528650662151835,-16.42925541922029,-1.0,lost,False,854.9387048050028,737.2308083379087,134.13715188631443,838.5094493857824
poland_tax_12,close,0.12,fractional_kelly,120934,82401,2026-08-30,LCP,5,CTBC Flying Oyster,Team Secret Whales,a,2,sts,124020,2026-08-29T22:55:46+00:00,2026-08-30T08:00:00+00:00,2026-08-30T17:11:58.276210+00:00,9.070555555555556,9.199521169444445,5.3,5.3,0.0,0.2263566654170157,0.17445482866043616,0.051901836756579556,0.21440823327615782,0.05572748750496137,3.2916023448653524,0.3949922813838423,0.18343272854478548,-3.2916023448653524,-1.0,lost,False,946.7964288131757,865.6719713418225,84.41605981621854,959.5544549884145
poland_tax_12,close,0.12,fractional_kelly,121135,82220,2026-08-30,LEC,3,Fnatic,GIANTX,b,8,totalbet,124170,2026-08-30T12:55:03+00:00,2026-08-30T16:30:00+00:00,2026-08-31T05:07:58.708012+00:00,3.5825,12.632974447777778,2.2,2.2,0.0,0.6286897151909219,0.4285714285714286,0.20011828661949327,0.5165289256198347,0.21714328860962473,50.01605484946074,6.0019265819352885,10.860650633291273,46.81502733909526,0.9360000000000002,won,True,946.7964288131757,862.3803689969571,134.43211466567928,975.4001139814821
poland_tax_12,close,0.12,fractional_kelly,121160,82258,2026-08-31,KeSPA LoL / LCK CL,5,KT Rolster Challengers,Drx Challengers,b,2,sts,124837,2026-08-31T04:55:26+00:00,2026-08-31T05:00:00+00:00,2026-08-31T17:08:36.741601+00:00,0.07611111111111112,12.14353933361111,4.3,4.3,0.0,0.4052049821449166,0.21532846715328463,0.189876514991632,0.2642706131078224,0.5332956524363643,42.07408809450372,5.048890571340446,22.437928261023433,-42.07408809450372,-1.0,lost,False,959.5544549884145,878.569031792926,123.0595112899922,933.3260258869784
poland_tax_12,close,0.12,fractional_kelly,121543,82319,2026-09-01,TCL,5,PCIFIC Esports,BBL Dark Passage,b,3,betclic,124975,2026-08-31T12:55:34+00:00,2026-09-01T15:00:00+00:00,2026-09-02T05:09:21.867533+00:00,26.073888888888888,14.156074314722222,8.0,8.0,0.0,0.4022239366369753,0.11406423034330011,0.2881597062936752,0.14204545454545456,1.8316565139243064,70.75880359813617,8.49105643177634,129.60582352801677,-70.75880359813617,-1.0,lost,False,975.4001139814821,933.3260258869784,112.83289169263995,857.9375742900055
poland_tax_12,close,0.12,fractional_kelly,121142,82223,2026-08-31,LRN,5,Fuego,3v Team,b,2,sts,125549,2026-08-31T22:55:36+00:00,2026-08-31T23:00:00+00:00,2026-09-01T11:08:41.362833+00:00,0.07333333333333333,12.144823009166666,11.6,11.6,0.0,0.11732837059343582,0.08009516256938938,0.037233208024046435,0.09796238244514106,0.19768800701779288,4.629647998836738,0.5555577598604086,0.9152258860839478,-4.629647998836738,-1.0,lost,False,933.3260258869784,862.5672222888422,75.38845159697297,928.6963778881417
poland_tax_12,close,0.12,fractional_kelly,121998,82501,2026-09-01,GameWaves / Road of Legends,3,mCon esports,The Bandits,a,7,betfan,125636,2026-09-01T08:55:14+00:00,2026-09-01T16:00:00+00:00,2026-09-02T05:09:21.879395+00:00,7.079444444444444,13.156077609722223,3.8,3.8,0.0,0.3952339220176291,0.24151696606786424,0.15371695594976484,0.29904306220095694,0.3216622352269516,29.43324635572867,3.5319895626874405,9.46756381276921,68.991529457828,2.344,won,True,933.3260258869784,857.9375742900054,104.82169795270164,926.9291037478336
