market_reference,alpha,n,logloss,brier,auc,accuracy,mean_prob,target_rate
open,0.0,408,0.5829955856413583,0.19940563696296468,0.758958633958634,0.696078431372549,0.5199680787856201,0.5147058823529411
open,0.01,408,0.5819438289572118,0.1990408838256761,0.7596200096200095,0.6936274509803921,0.519956255290132,0.5147058823529411
open,0.02,408,0.580934028253762,0.19868392649109212,0.7604377104377105,0.6887254901960784,0.5199444317946439,0.5147058823529411
open,0.03,408,0.5799629587177534,0.19833476495921268,0.7610630110630112,0.6887254901960784,0.5199326082991559,0.5147058823529411
open,0.04,408,0.5790279505451079,0.1979933992300378,0.762025012025012,0.6911764705882353,0.5199207848036679,0.5147058823529411
open,0.05,408,0.5781267636547338,0.19765982930356749,0.7626262626262627,0.6911764705882353,0.5199089613081798,0.5147058823529411
open,0.06,408,0.5772574967991512,0.19733405517980174,0.7636844636844636,0.6911764705882353,0.5198971378126918,0.5147058823529411
open,0.07,408,0.576418520202822,0.19701607685874056,0.7644300144300145,0.6911764705882353,0.5198853143172036,0.5147058823529411
open,0.08,408,0.5756084246944155,0.19670589434038396,0.7649350649350648,0.6911764705882353,0.5198734908217156,0.5147058823529411
open,0.09,408,0.5748259826545379,0.1964035076247319,0.7658730158730159,0.6887254901960784,0.5198616673262275,0.5147058823529411
open,0.1,408,0.5740701175909877,0.1961089167117844,0.7664742664742664,0.6887254901960784,0.5198498438307395,0.5147058823529411
open,0.11,408,0.5733398801222079,0.1958221216015415,0.7670514670514671,0.6887254901960784,0.5198380203352514,0.5147058823529411
open,0.12,408,0.5726344287940677,0.19554312229400314,0.7676527176527177,0.6911764705882353,0.5198261968397633,0.5147058823529411
open,0.13,408,0.571953014593032,0.19527191878916933,0.7677248677248677,0.6936274509803921,0.5198143733442753,0.5147058823529411
open,0.14,408,0.57129496832207,0.1950085110870401,0.7682058682058681,0.6887254901960784,0.5198025498487872,0.5147058823529411
open,0.15,408,0.5706596902193425,0.1947528991876154,0.7684704184704185,0.6887254901960784,0.5197907263532991,0.5147058823529411
open,0.16,408,0.5700466413526498,0.1945050830908953,0.7693362193362194,0.6936274509803921,0.5197789028578111,0.5147058823529411
open,0.17,408,0.569455336433651,0.19426506279687974,0.7697931697931697,0.696078431372549,0.5197670793623229,0.5147058823529411
open,0.18,408,0.5688853377775427,0.19403283830556878,0.7707311207311207,0.6985294117647058,0.5197552558668349,0.5147058823529411
open,0.19,408,0.5683362501947002,0.19380840961696238,0.7709235209235209,0.6985294117647058,0.5197434323713469,0.5147058823529411
open,0.2,408,0.5678077166465695,0.1935917767310605,0.7717412217412217,0.696078431372549,0.5197316088758588,0.5147058823529411
open,0.21,408,0.5672994145329361,0.1933829396478632,0.7721019721019721,0.6911764705882353,0.5197197853803707,0.5147058823529411
open,0.22,408,0.5668110525044586,0.19318189836737049,0.7724627224627223,0.6936274509803921,0.5197079618848827,0.5147058823529411
open,0.23,408,0.5663423677150974,0.19298865288958233,0.7730158730158729,0.6936274509803921,0.5196961383893947,0.5147058823529411
open,0.24,408,0.5658931234452863,0.1928032032144987,0.7732804232804232,0.6936274509803921,0.5196843148939065,0.5147058823529411
open,0.25,408,0.5654631070394777,0.19262554934211967,0.7734006734006735,0.6911764705882353,0.5196724913984185,0.5147058823529411
open,0.26,408,0.5650521281118335,0.19245569127244516,0.7738816738816738,0.6887254901960784,0.5196606679029303,0.5147058823529411
open,0.27,408,0.5646600169819529,0.1922936290054753,0.7745069745069745,0.6887254901960784,0.5196488444074423,0.5147058823529411
open,0.28,408,0.564286623309058,0.19213936254120995,0.7752765752765753,0.6838235294117647,0.5196370209119543,0.5147058823529411
open,0.29,408,0.5639318148983521,0.19199289187964916,0.7757575757575758,0.6862745098039216,0.5196251974164662,0.5147058823529411
open,0.3,408,0.5635954766575855,0.19185421702079294,0.7761423761423761,0.6887254901960784,0.5196133739209782,0.5147058823529411
open,0.31,408,0.5632775096853994,0.19172333796464125,0.7765993265993266,0.6887254901960784,0.51960155042549,0.5147058823529411
open,0.32,408,0.56297783047595,0.19160025471119418,0.7769360269360269,0.6887254901960784,0.5195897269300019,0.5147058823529411
open,0.33,408,0.5626963702267336,0.19148496726045164,0.777080327080327,0.6862745098039216,0.5195779034345138,0.5147058823529411
open,0.34,408,0.5624330742385671,0.19137747561241367,0.7775613275613276,0.6911764705882353,0.5195660799390258,0.5147058823529411
open,0.35,408,0.5621879013983769,0.1912777797670803,0.7781625781625782,0.6911764705882353,0.5195542564435377,0.5147058823529411
open,0.36,408,0.5619608237368905,0.19118587972445142,0.7785954785954786,0.6887254901960784,0.5195424329480497,0.5147058823529411
open,0.37,408,0.5617518260545512,0.19110177548452717,0.7788840788840788,0.6911764705882353,0.5195306094525617,0.5147058823529411
open,0.38,408,0.5615609056100249,0.19102546704730744,0.7792448292448293,0.6887254901960784,0.5195187859570736,0.5147058823529411
open,0.39,408,0.5613880718665731,0.19095695441279228,0.7794853294853294,0.6911764705882353,0.5195069624615856,0.5147058823529411
open,0.4,408,0.5612333462923571,0.19089623758098173,0.7796536796536796,0.6911764705882353,0.5194951389660974,0.5147058823529411
open,0.41,408,0.5610967622114291,0.19084331655187572,0.7802308802308803,0.6911764705882353,0.5194833154706094,0.5147058823529411
open,0.42,408,0.5609783647027807,0.19079819132547426,0.78008658008658,0.6911764705882353,0.5194714919751213,0.5147058823529411
open,0.43,408,0.5608782105453716,0.1907608619017773,0.7802068302068302,0.6887254901960784,0.5194596684796333,0.5147058823529411
open,0.44,408,0.5607963682075578,0.19073132828078504,0.7801827801827802,0.6887254901960784,0.5194478449841452,0.5147058823529411
open,0.45,408,0.5607329178798054,0.19070959046249725,0.7801587301587302,0.6887254901960784,0.5194360214886571,0.5147058823529411
open,0.46,408,0.5606879515499974,0.19069564844691403,0.7803511303511304,0.6887254901960784,0.5194241979931691,0.5147058823529411
open,0.47,408,0.5606615731210624,0.19068950223403536,0.7805194805194805,0.6936274509803921,0.519412374497681,0.5147058823529411
open,0.48,408,0.560653898571032,0.19069115182386132,0.7801827801827802,0.6936274509803921,0.5194005510021928,0.5147058823529411
open,0.49,408,0.5606650561560375,0.19070059721639182,0.7801106301106301,0.6887254901960784,0.519388727506705,0.5147058823529411
open,0.5,408,0.5606951866571288,0.19071783841162682,0.7798701298701299,0.6911764705882353,0.5193769040112167,0.5147058823529411
open,0.51,408,0.5607444436722018,0.19074287540956644,0.7799182299182299,0.6936274509803921,0.5193650805157287,0.5147058823529411
open,0.52,408,0.56081299395472,0.19077570821021061,0.7800384800384801,0.6985294117647058,0.5193532570202406,0.5147058823529411
open,0.53,408,0.5609010178013414,0.19081633681355936,0.7801587301587303,0.696078431372549,0.5193414335247526,0.5147058823529411
open,0.54,408,0.561008709491017,0.19086476121961266,0.78001443001443,0.696078431372549,0.5193296100292645,0.5147058823529411
open,0.55,408,0.5611362777786063,0.19092098142837052,0.7796296296296296,0.696078431372549,0.5193177865337764,0.5147058823529411
open,0.56,408,0.5612839464465917,0.1909849974398329,0.7802068302068302,0.6936274509803921,0.5193059630382884,0.5147058823529411
open,0.57,408,0.561451954919044,0.19105680925399995,0.7800384800384801,0.696078431372549,0.5192941395428003,0.5147058823529411
open,0.58,408,0.561640558942645,0.19113641687087152,0.7798220298220299,0.6985294117647058,0.5192823160473122,0.5147058823529411
open,0.59,408,0.5618500313402839,0.19122382029044763,0.7797258297258297,0.7034313725490197,0.5192704925518241,0.5147058823529411
open,0.6,408,0.5620806628435561,0.1913190195127283,0.7797498797498796,0.6985294117647058,0.5192586690563361,0.5147058823529411
open,0.61,408,0.5623327630114066,0.19142201453771354,0.7792207792207791,0.696078431372549,0.519246845560848,0.5147058823529411
open,0.62,408,0.5626066612432017,0.19153280536540337,0.7792448292448293,0.696078431372549,0.51923502206536,0.5147058823529411
open,0.63,408,0.5629027078957007,0.1916513919957977,0.7791245791245791,0.696078431372549,0.519223198569872,0.5147058823529411
open,0.64,408,0.5632212755147702,0.19177777442889665,0.7785233285233285,0.6936274509803921,0.5192113750743839,0.5147058823529411
open,0.65,408,0.5635627601942603,0.19191195266470015,0.7784271284271284,0.696078431372549,0.5191995515788959,0.5147058823529411
open,0.66,408,0.5639275830762932,0.19205392670320823,0.7781625781625782,0.696078431372549,0.5191877280834077,0.5147058823529411
open,0.67,408,0.564316192009347,0.19220369654442085,0.778018278018278,0.696078431372549,0.5191759045879196,0.5147058823529411
open,0.68,408,0.5647290633830095,0.19236126218833804,0.7776575276575276,0.696078431372549,0.5191640810924315,0.5147058823529411
open,0.69,408,0.5651667041612005,0.19252662363495981,0.7778499278499278,0.696078431372549,0.5191522575969435,0.5147058823529411
open,0.7,408,0.5656296541391175,0.19269978088428608,0.7776334776334777,0.696078431372549,0.5191404341014555,0.5147058823529411
open,0.71,408,0.5661184884532368,0.192880733936317,0.7774170274170273,0.696078431372549,0.5191286106059674,0.5147058823529411
open,0.72,408,0.5666338203785732,0.19306948279105243,0.7770081770081769,0.696078431372549,0.5191167871104794,0.5147058823529411
open,0.73,408,0.5671763044532009,0.19326602744849244,0.7770562770562771,0.696078431372549,0.5191049636149911,0.5147058823529411
open,0.74,408,0.5677466399770186,0.193470367908637,0.7768879268879268,0.6936274509803921,0.5190931401195031,0.5147058823529411
open,0.75,408,0.5683455749401604,0.19368250417148616,0.7767195767195769,0.6936274509803921,0.519081316624015,0.5147058823529411
open,0.76,408,0.5689739104466663,0.19390243623703987,0.7760221260221261,0.6936274509803921,0.519069493128527,0.5147058823529411
open,0.77,408,0.5696325057114839,0.1941301641052981,0.7756373256373257,0.6936274509803921,0.519057669633039,0.5147058823529411
open,0.78,408,0.5703222837241709,0.19436568777626095,0.7749639249639249,0.6911764705882353,0.5190458461375509,0.5147058823529411
open,0.79,408,0.571044237691542,0.1946090072499283,0.7745791245791247,0.6887254901960784,0.5190340226420629,0.5147058823529411
open,0.8,408,0.5717994383949774,0.19486012252630025,0.7744107744107744,0.6887254901960784,0.5190221991465748,0.5147058823529411
open,0.81,408,0.5725890426274831,0.1951190336053768,0.7739297739297739,0.6911764705882353,0.5190103756510867,0.5147058823529411
open,0.82,408,0.573414302912642,0.19538574048715784,0.7737614237614238,0.6911764705882353,0.5189985521555986,0.5147058823529411
open,0.83,408,0.5742765787546884,0.19566024317164352,0.7737133237133237,0.6887254901960784,0.5189867286601105,0.5147058823529411
open,0.84,408,0.5751773497293293,0.1959425416588337,0.7733285233285234,0.6887254901960784,0.5189749051646225,0.5147058823529411
open,0.85,408,0.5761182308030898,0.19623263594872845,0.7726551226551226,0.6887254901960784,0.5189630816691344,0.5147058823529411
open,0.86,408,0.5771009903711223,0.19653052604132776,0.7722703222703222,0.6887254901960784,0.5189512581736464,0.5147058823529411
open,0.87,408,0.5781275716384283,0.1968362119366317,0.7718614718614718,0.6887254901960784,0.5189394346781583,0.5147058823529411
open,0.88,408,0.5792001181499524,0.19714969363464016,0.7712121212121212,0.6887254901960784,0.5189276111826703,0.5147058823529411
open,0.89,408,0.580321004519515,0.19747097113535317,0.771019721019721,0.6862745098039216,0.5189157876871823,0.5147058823529411
open,0.9,408,0.5814928737434022,0.19780004443877078,0.7709716209716211,0.6862745098039216,0.5189039641916942,0.5147058823529411
open,0.91,408,0.5827186829530038,0.1981369135448929,0.7705146705146705,0.6838235294117647,0.5188921406962061,0.5147058823529411
open,0.92,408,0.5840017601259138,0.19848157845371958,0.7703703703703704,0.6862745098039216,0.5188803172007179,0.5147058823529411
open,0.93,408,0.5853458752369267,0.1988340391652509,0.76998556998557,0.6887254901960784,0.5188684937052299,0.5147058823529411
open,0.94,408,0.5867553307519863,0.1991942956794867,0.7691438191438191,0.6887254901960784,0.5188566702097418,0.5147058823529411
open,0.95,408,0.588235078519896,0.19956234799642714,0.7686147186147188,0.6887254901960784,0.5188448467142538,0.5147058823529411
open,0.96,408,0.5897908734631335,0.1999381961160721,0.7680375180375181,0.6887254901960784,0.5188330232187657,0.5147058823529411
open,0.97,408,0.5914294798375654,0.20032184003842166,0.7675565175565177,0.6887254901960784,0.5188211997232777,0.5147058823529411
open,0.98,408,0.593158954755773,0.2007132797634757,0.7667869167869168,0.6887254901960784,0.5188093762277896,0.5147058823529411
open,0.99,408,0.5949890491347686,0.2011125152912344,0.765969215969216,0.6887254901960784,0.5187975527323015,0.5147058823529411
open,1.0,408,0.596931794371762,0.20151954662169763,0.7653679653679653,0.6887254901960784,0.5187857292368134,0.5147058823529411
mid,0.0,408,0.5767583839863148,0.1968308909722414,0.7652958152958153,0.6911764705882353,0.5179348389303646,0.5147058823529411
mid,0.01,408,0.5758228272312659,0.19651588390008057,0.7661135161135162,0.6911764705882353,0.5179433478334292,0.5147058823529411
mid,0.02,408,0.5749270477415273,0.19620818781031676,0.7666426166426166,0.6936274509803921,0.5179518567364937,0.5147058823529411
mid,0.03,408,0.5740680133666498,0.19590780270295008,0.7673881673881675,0.696078431372549,0.5179603656395582,0.5147058823529411
mid,0.04,408,0.5732432051864059,0.19561472857798048,0.7683261183261183,0.6985294117647058,0.5179688745426226,0.5147058823529411
mid,0.05,408,0.5724505042506374,0.1953289654354079,0.7686868686868688,0.6985294117647058,0.5179773834456872,0.5147058823529411
mid,0.06,408,0.5716881086802368,0.19505051327523243,0.7691919191919191,0.696078431372549,0.5179858923487516,0.5147058823529411
mid,0.07,408,0.5709544717645537,0.19477937209745405,0.7696007696007696,0.6985294117647058,0.5179944012518161,0.5147058823529411
mid,0.08,408,0.5702482549172053,0.19451554190207276,0.7702020202020201,0.696078431372549,0.5180029101548806,0.5147058823529411
mid,0.09,408,0.5695682913623014,0.19425902268908854,0.7706349206349206,0.696078431372549,0.5180114190579451,0.5147058823529411
mid,0.1,408,0.5689135577110822,0.1940098144585014,0.7711640211640212,0.6985294117647058,0.5180199279610096,0.5147058823529411
mid,0.11,408,0.5682831514351623,0.19376791721031128,0.7719095719095719,0.6985294117647058,0.5180284368640741,0.5147058823529411
mid,0.12,408,0.567676272811049,0.19353333094451827,0.7725829725829726,0.696078431372549,0.5180369457671387,0.5147058823529411
mid,0.13,408,0.5670922103002128,0.19330605566112238,0.7730399230399231,0.696078431372549,0.518045454670203,0.5147058823529411
mid,0.14,408,0.5665303286008749,0.19308609136012356,0.7736411736411737,0.6936274509803921,0.5180539635732675,0.5147058823529411
mid,0.15,408,0.5659900588005514,0.19287343804152182,0.7742183742183741,0.6936274509803921,0.5180624724763321,0.5147058823529411
mid,0.16,408,0.5654708901972682,0.19266809570531712,0.7745550745550744,0.696078431372549,0.5180709813793966,0.5147058823529411
mid,0.17,408,0.5649723634587416,0.19247006435150954,0.7752284752284753,0.6985294117647058,0.518079490282461,0.5147058823529411
mid,0.18,408,0.5644940648637601,0.19227934398009902,0.7758537758537758,0.6985294117647058,0.5180879991855255,0.5147058823529411
mid,0.19,408,0.5640356214260472,0.19209593459108557,0.7760221260221261,0.696078431372549,0.5180965080885901,0.5147058823529411
mid,0.2,408,0.5635966967432594,0.19191983618446923,0.7763107263107263,0.6936274509803921,0.5181050169916545,0.5147058823529411
mid,0.21,408,0.5631769874461204,0.19175104876024995,0.7771524771524772,0.6936274509803921,0.5181135258947189,0.5147058823529411
mid,0.22,408,0.5627762201476325,0.19158957231842774,0.7776094276094276,0.696078431372549,0.5181220347977835,0.5147058823529411
mid,0.23,408,0.5623941488116878,0.19143540685900265,0.7777777777777777,0.696078431372549,0.518130543700848,0.5147058823529411
mid,0.24,408,0.5620305524756077,0.1912885523819746,0.7781144781144782,0.6936274509803921,0.5181390526039124,0.5147058823529411
mid,0.25,408,0.5616852332731374,0.19114900888734362,0.7787638287638288,0.6936274509803921,0.5181475615069769,0.5147058823529411
mid,0.26,408,0.5613580147139808,0.19101677637510975,0.778908128908129,0.696078431372549,0.5181560704100414,0.5147058823529411
mid,0.27,408,0.5610487401836193,0.19089185484527293,0.7794612794612795,0.696078431372549,0.5181645793131059,0.5147058823529411
mid,0.28,408,0.5607572716333294,0.19077424429783324,0.7796296296296297,0.6911764705882353,0.5181730882161704,0.5147058823529411
mid,0.29,408,0.5604834884353305,0.1906639447327906,0.7797739297739298,0.6887254901960784,0.5181815971192348,0.5147058823529411
mid,0.3,408,0.5602272863820905,0.19056095615014504,0.7803751803751804,0.6887254901960784,0.5181901060222993,0.5147058823529411
mid,0.31,408,0.5599885768121788,0.19046527854989656,0.7806156806156807,0.6887254901960784,0.5181986149253638,0.5147058823529411
mid,0.32,408,0.5597672858478392,0.19037691193204512,0.7811928811928812,0.6887254901960784,0.5182071238284283,0.5147058823529411
mid,0.33,408,0.5595633537317647,0.19029585629659082,0.7814814814814814,0.6813725490196079,0.5182156327314927,0.5147058823529411
mid,0.34,408,0.5593767342524943,0.19022211164353356,0.7815536315536316,0.6838235294117647,0.5182241416345573,0.5147058823529411
mid,0.35,408,0.5592073942494697,0.1901556779728734,0.7815536315536316,0.6838235294117647,0.5182326505376218,0.5147058823529411
mid,0.36,408,0.5590553131901724,0.19009655528461028,0.7818422318422319,0.6838235294117647,0.5182411594406863,0.5147058823529411
mid,0.37,408,0.5589204828129292,0.1900447435787443,0.7817219817219817,0.6887254901960784,0.5182496683437507,0.5147058823529411
mid,0.38,408,0.5588029068299823,0.19000024285527536,0.7816979316979318,0.6862745098039216,0.5182581772468152,0.5147058823529411
mid,0.39,408,0.5587026006862841,0.1899630531142035,0.7820346320346321,0.6862745098039216,0.5182666861498797,0.5147058823529411
mid,0.4,408,0.5586195913702344,0.18993317435552876,0.7819384319384319,0.6838235294117647,0.5182751950529443,0.5147058823529411
mid,0.41,408,0.5585539172732443,0.18991060657925105,0.7819143819143819,0.6838235294117647,0.5182837039560088,0.5147058823529411
mid,0.42,408,0.5585056280955958,0.18989534978537045,0.782082732082732,0.6838235294117647,0.5182922128590732,0.5147058823529411
mid,0.43,408,0.5584747847965966,0.1898874039738869,0.781914381914382,0.6838235294117647,0.5183007217621377,0.5147058823529411
mid,0.44,408,0.5584614595875139,0.18988676914480046,0.7813131313131313,0.6838235294117647,0.5183092306652022,0.5147058823529411
mid,0.45,408,0.5584657359662046,0.18989344529811106,0.7816017316017316,0.6838235294117647,0.5183177395682667,0.5147058823529411
mid,0.46,408,0.5584877087927821,0.1899074324338188,0.7817700817700818,0.6838235294117647,0.5183262484713312,0.5147058823529411
mid,0.47,408,0.5585274844060432,0.18992873055192358,0.7816257816257817,0.6911764705882353,0.5183347573743957,0.5147058823529411
mid,0.48,408,0.558585180780764,0.18995733965242545,0.7817700817700817,0.6911764705882353,0.5183432662774601,0.5147058823529411
mid,0.49,408,0.5586609277263415,0.18999325973532435,0.7816498316498316,0.6911764705882353,0.5183517751805246,0.5147058823529411
mid,0.5,408,0.5587548671276269,0.19003649080062038,0.7819143819143819,0.6887254901960784,0.518360284083589,0.5147058823529411
mid,0.51,408,0.5588671532291769,0.1900870328483135,0.7815055315055315,0.6887254901960784,0.5183687929866536,0.5147058823529411
mid,0.52,408,0.5589979529645352,0.1901448858784037,0.7815055315055316,0.6911764705882353,0.5183773018897181,0.5147058823529411
mid,0.53,408,0.5591474463325631,0.1902100498908909,0.7816017316017316,0.6887254901960784,0.5183858107927825,0.5147058823529411
mid,0.54,408,0.5593158268232682,0.19028252488577527,0.7816257816257817,0.6862745098039216,0.518394319695847,0.5147058823529411
mid,0.55,408,0.5595033018960498,0.1903623108630567,0.7813371813371812,0.6862745098039216,0.5184028285989115,0.5147058823529411
mid,0.56,408,0.5597100935137773,0.19044940782273517,0.7813371813371813,0.6862745098039216,0.518411337501976,0.5147058823529411
mid,0.57,408,0.559936438736675,0.1905438157648108,0.7811928811928812,0.6887254901960784,0.5184198464050405,0.5147058823529411
mid,0.58,408,0.5601825903806037,0.1906455346892834,0.7812169312169313,0.6838235294117647,0.518428355308105,0.5147058823529411
mid,0.59,408,0.5604488177450064,0.19075456459615314,0.781000481000481,0.6862745098039216,0.5184368642111694,0.5147058823529411
mid,0.6,408,0.5607354074165659,0.19087090548542,0.7809283309283309,0.6838235294117647,0.5184453731142339,0.5147058823529411
mid,0.61,408,0.5610426641554821,0.19099455735708387,0.7805916305916305,0.6838235294117647,0.5184538820172985,0.5147058823529411
mid,0.62,408,0.5613709118722784,0.19112552021114484,0.7803511303511304,0.6838235294117647,0.518462390920363,0.5147058823529411
mid,0.63,408,0.5617204947041675,0.1912637940476029,0.78006253006253,0.6838235294117647,0.5184708998234274,0.5147058823529411
mid,0.64,408,0.5620917782013192,0.191409378866458,0.7797258297258297,0.6813725490196079,0.5184794087264919,0.5147058823529411
mid,0.65,408,0.5624851506348625,0.19156227466771023,0.7794372294372294,0.6838235294117647,0.5184879176295564,0.5147058823529411
mid,0.66,408,0.5629010244402028,0.19172248145135953,0.7794372294372294,0.6838235294117647,0.5184964265326208,0.5147058823529411
mid,0.67,408,0.5633398378112533,0.1918899992174059,0.7789802789802789,0.6838235294117647,0.5185049354356853,0.5147058823529411
mid,0.68,408,0.5638020564635449,0.1920648279658493,0.778980278980279,0.6862745098039216,0.5185134443387499,0.5147058823529411
mid,0.69,408,0.5642881755869626,0.1922469676966899,0.778908128908129,0.6862745098039216,0.5185219532418144,0.5147058823529411
mid,0.7,408,0.5647987220121183,0.19243641840992748,0.7788359788359789,0.6862745098039216,0.5185304621448789,0.5147058823529411
mid,0.71,408,0.5653342566182536,0.19263318010556219,0.7786676286676286,0.6862745098039216,0.5185389710479433,0.5147058823529411
mid,0.72,408,0.565895377015166,0.19283725278359395,0.7782587782587782,0.6862745098039216,0.5185474799510078,0.5147058823529411
mid,0.73,408,0.5664827205371616,0.19304863644402281,0.7779461279461279,0.6862745098039216,0.5185559888540723,0.5147058823529411
mid,0.74,408,0.5670969675936418,0.1932673310868487,0.7775613275613276,0.6862745098039216,0.5185644977571368,0.5147058823529411
mid,0.75,408,0.5677388454289025,0.19349333671207172,0.777080327080327,0.6838235294117647,0.5185730066602013,0.5147058823529411
mid,0.76,408,0.5684091323534007,0.1937266533196918,0.7767676767676768,0.6838235294117647,0.5185815155632657,0.5147058823529411
mid,0.77,408,0.5691086625205326,0.193967280909709,0.7762145262145262,0.6813725490196079,0.5185900244663302,0.5147058823529411
mid,0.78,408,0.5698383313374455,0.1942152194821232,0.7761904761904762,0.6813725490196079,0.5185985333693948,0.5147058823529411
mid,0.79,408,0.5705991016162795,0.19447046903693452,0.7757816257816258,0.6813725490196079,0.5186070422724592,0.5147058823529411
mid,0.8,408,0.571392010594441,0.1947330295741429,0.7753487253487252,0.6813725490196079,0.5186155511755237,0.5147058823529411
mid,0.81,408,0.5722181779803288,0.19500290109374843,0.7748677248677248,0.6838235294117647,0.5186240600785882,0.5147058823529411
mid,0.82,408,0.5730788152159983,0.19528008359575097,0.7743867243867245,0.6813725490196079,0.5186325689816527,0.5147058823529411
mid,0.83,408,0.5739752361928563,0.1955645770801506,0.7739297739297739,0.6813725490196079,0.5186410778847171,0.5147058823529411
mid,0.84,408,0.5749088697136852,0.19585638154694732,0.7735930735930736,0.6813725490196079,0.5186495867877816,0.5147058823529411
mid,0.85,408,0.5758812740683762,0.19615549699614113,0.7732563732563733,0.6813725490196079,0.5186580956908461,0.5147058823529411
mid,0.86,408,0.5768941541876377,0.196461923427732,0.7726551226551227,0.6862745098039216,0.5186666045939107,0.5147058823529411
mid,0.87,408,0.5779493819670883,0.19677566084171993,0.7722222222222223,0.6862745098039216,0.518675113496975,0.5147058823529411
mid,0.88,408,0.579049020525634,0.197096709238105,0.7718133718133718,0.6862745098039216,0.5186836224000396,0.5147058823529411
mid,0.89,408,0.580195353394568,0.1974250686168871,0.7714766714766715,0.6838235294117647,0.5186921313031041,0.5147058823529411
mid,0.9,408,0.5813909199536786,0.1977607389780663,0.7709956709956709,0.6838235294117647,0.5187006402061686,0.5147058823529411
mid,0.91,408,0.5826385588775692,0.19810372032164258,0.7707792207792208,0.6813725490196079,0.518709149109233,0.5147058823529411
mid,0.92,408,0.5839414619908199,0.19845401264761592,0.7704906204906206,0.6862745098039216,0.5187176580122975,0.5147058823529411
mid,0.93,408,0.5853032418517004,0.19881161595598634,0.7699855699855701,0.6887254901960784,0.5187261669153621,0.5147058823529411
mid,0.94,408,0.5867280177484022,0.19917653024675386,0.7692400192400193,0.6887254901960784,0.5187346758184265,0.5147058823529411
mid,0.95,408,0.5882205268620534,0.19954875551991844,0.7687109187109187,0.6911764705882353,0.5187431847214911,0.5147058823529411
mid,0.96,408,0.5897862705798615,0.1999282917754801,0.7682780182780183,0.6887254901960784,0.5187516936245555,0.5147058823529411
mid,0.97,408,0.5914317111381415,0.2003151390134389,0.7675324675324675,0.6887254901960784,0.51876020252762,0.5147058823529411
mid,0.98,408,0.5931645424433148,0.2007092972337947,0.7668831168831168,0.6887254901960784,0.5187687114306845,0.5147058823529411
mid,0.99,408,0.5949940739949403,0.2011107664365476,0.7659451659451659,0.6887254901960784,0.5187772203337491,0.5147058823529411
mid,1.0,408,0.596931794371762,0.20151954662169763,0.7653679653679653,0.6887254901960784,0.5187857292368134,0.5147058823529411
close,0.0,408,0.5658962516856435,0.1920470284584282,0.777056277056277,0.7132352941176471,0.5168050689400588,0.5147058823529411
close,0.01,408,0.5651797729808138,0.19182593555655264,0.7777537277537278,0.7107843137254902,0.5168248755430264,0.5147058823529411
close,0.02,408,0.5645002263551474,0.19161122281798024,0.7778499278499278,0.7083333333333334,0.5168446821459939,0.5147058823529411
close,0.03,408,0.5638546508003602,0.19140289024271107,0.7782828282828284,0.7083333333333334,0.5168644887489614,0.5147058823529411
close,0.04,408,0.5632405926701552,0.19120093783074504,0.7787397787397787,0.7058823529411765,0.5168842953519289,0.5147058823529411
close,0.05,408,0.5626559936121163,0.19100536558208225,0.7790283790283791,0.7058823529411765,0.5169041019548966,0.5147058823529411
close,0.06,408,0.5620991084331394,0.19081617349672267,0.7793891293891293,0.7058823529411765,0.516923908557864,0.5147058823529411
close,0.07,408,0.5615684437125243,0.1906333615746663,0.7799182299182299,0.7034313725490197,0.5169437151608315,0.5147058823529411
close,0.08,408,0.5610627111238881,0.19045692981591308,0.7805916305916307,0.7009803921568627,0.5169635217637992,0.5147058823529411
close,0.09,408,0.5605807913944791,0.19028687822046306,0.7806637806637807,0.7009803921568627,0.5169833283667667,0.5147058823529411
close,0.1,408,0.5601217060949865,0.1901232067883163,0.7811928811928812,0.7034313725490197,0.5170031349697343,0.5147058823529411
close,0.11,408,0.5596845952858728,0.18996591551947262,0.7816738816738817,0.7034313725490197,0.5170229415727018,0.5147058823529411
close,0.12,408,0.5592686996070744,0.18981500441393226,0.782130832130832,0.7009803921568627,0.5170427481756693,0.5147058823529411
close,0.13,408,0.5588733457829931,0.18967047347169505,0.781986531986532,0.7034313725490197,0.5170625547786368,0.5147058823529411
close,0.14,408,0.5584979347838802,0.189532322692761,0.7823713323713324,0.7009803921568627,0.5170823613816045,0.5147058823529411
close,0.15,408,0.5581419320759079,0.18940055207713025,0.7825877825877825,0.7034313725490197,0.517102167984572,0.5147058823529411
close,0.16,408,0.5578048595300689,0.1892751616248026,0.7831409331409331,0.7034313725490197,0.5171219745875395,0.5147058823529411
close,0.17,408,0.5574862886607569,0.18915615133577815,0.7832130832130832,0.7034313725490197,0.517141781190507,0.5147058823529411
close,0.18,408,0.5571858349393937,0.18904352121005694,0.7838143338143339,0.7009803921568627,0.5171615877934745,0.5147058823529411
close,0.19,408,0.5569031529842319,0.18893727124763893,0.7841750841750841,0.6985294117647058,0.5171813943964423,0.5147058823529411
close,0.2,408,0.5566379324696392,0.1888374014485241,0.7846320346320346,0.696078431372549,0.5172012009994098,0.5147058823529411
close,0.21,408,0.5563898946303888,0.18874391181271247,0.7851130351130351,0.696078431372549,0.5172210076023773,0.5147058823529411
close,0.22,408,0.5561587892613165,0.18865680234020402,0.785040885040885,0.6985294117647058,0.5172408142053448,0.5147058823529411
close,0.23,408,0.5559443921320278,0.1885760730309988,0.7850168350168351,0.6985294117647058,0.5172606208083124,0.5147058823529411
close,0.24,408,0.5557465027514772,0.18850172388509676,0.7853054353054353,0.696078431372549,0.5172804274112799,0.5147058823529411
close,0.25,408,0.5555649424292056,0.18843375490249792,0.7853535353535352,0.696078431372549,0.5173002340142475,0.5147058823529411
close,0.26,408,0.5553995525895483,0.18837216608320226,0.7854497354497354,0.696078431372549,0.5173200406172149,0.5147058823529411
close,0.27,408,0.5552501933027428,0.1883169574272098,0.7855699855699855,0.696078431372549,0.5173398472201826,0.5147058823529411
close,0.28,408,0.5551167420030295,0.18826812893452055,0.7857864357864357,0.7009803921568627,0.5173596538231501,0.5147058823529411
close,0.29,408,0.5549990923688174,0.1882256806051345,0.7860028860028859,0.6985294117647058,0.5173794604261176,0.5147058823529411
close,0.3,408,0.5548971533440749,0.18818961243905163,0.786050986050986,0.696078431372549,0.5173992670290852,0.5147058823529411
close,0.31,408,0.5548108482834424,0.188159924436272,0.785954785954786,0.696078431372549,0.5174190736320526,0.5147058823529411
close,0.32,408,0.5547401142063362,0.18813661659679554,0.785978835978836,0.6911764705882353,0.5174388802350203,0.5147058823529411
close,0.33,408,0.5546849011476028,0.18811968892062225,0.7859066859066859,0.6887254901960784,0.5174586868379878,0.5147058823529411
close,0.34,408,0.5546451715942058,0.1881091414077522,0.7857142857142857,0.6911764705882353,0.5174784934409554,0.5147058823529411
close,0.35,408,0.554620899999038,0.18810497405818535,0.786075036075036,0.6887254901960784,0.5174983000439229,0.5147058823529411
close,0.36,408,0.5546120723643132,0.18810718687192166,0.7862193362193363,0.6862745098039216,0.5175181066468905,0.5147058823529411
close,0.37,408,0.5546186858881489,0.1881157798489612,0.7862433862433862,0.6887254901960784,0.517537913249858,0.5147058823529411
close,0.38,408,0.5546407486689477,0.18813075298930393,0.7863155363155363,0.6862745098039216,0.5175577198528255,0.5147058823529411
close,0.39,408,0.5546782794630364,0.18815210629294984,0.7862433862433863,0.6862745098039216,0.5175775264557931,0.5147058823529411
close,0.4,408,0.5547313074917624,0.18817983975989896,0.7860990860990861,0.6862745098039216,0.5175973330587607,0.5147058823529411
close,0.41,408,0.5547998722949069,0.18821395339015132,0.7861952861952862,0.6862745098039216,0.5176171396617282,0.5147058823529411
close,0.42,408,0.5548840236278383,0.18825444718370682,0.7858826358826358,0.6862745098039216,0.5176369462646958,0.5147058823529411
close,0.43,408,0.5549838214003542,0.1883013211405655,0.7858345358345359,0.6887254901960784,0.5176567528676633,0.5147058823529411
close,0.44,408,0.5550993356556194,0.18835457526072744,0.7860269360269361,0.6887254901960784,0.5176765594706308,0.5147058823529411
close,0.45,408,0.5552306465880374,0.18841420954419255,0.7862193362193363,0.6887254901960784,0.5176963660735984,0.5147058823529411
close,0.46,408,0.5553778445992914,0.18848022399096082,0.785882635882636,0.6911764705882353,0.5177161726765659,0.5147058823529411
close,0.47,408,0.555541030392159,0.18855261860103234,0.7855699855699856,0.696078431372549,0.5177359792795334,0.5147058823529411
close,0.48,408,0.5557203151020733,0.188631393374407,0.7859307359307359,0.696078431372549,0.5177557858825009,0.5147058823529411
close,0.49,408,0.555915820466749,0.18871654831108495,0.7860509860509861,0.6911764705882353,0.5177755924854686,0.5147058823529411
close,0.5,408,0.5561276790345417,0.18880808341106606,0.786002886002886,0.6862745098039216,0.5177953990884362,0.5147058823529411
close,0.51,408,0.5563560344125641,0.1889059986743503,0.7854978354978355,0.6887254901960784,0.5178152056914037,0.5147058823529411
close,0.52,408,0.556601041555941,0.18901029410093778,0.7852573352573353,0.6911764705882353,0.5178350122943712,0.5147058823529411
close,0.53,408,0.5568628670999687,0.18912096969082848,0.7852092352092352,0.6887254901960784,0.5178548188973388,0.5147058823529411
close,0.54,408,0.557141689737339,0.1892380254440224,0.7850168350168351,0.6887254901960784,0.5178746255003063,0.5147058823529411
close,0.55,408,0.5574377006430199,0.18936146136051948,0.7847763347763348,0.6911764705882353,0.5178944321032739,0.5147058823529411
close,0.56,408,0.557751103949853,0.18949127744031974,0.7845117845117845,0.6911764705882353,0.5179142387062414,0.5147058823529411
close,0.57,408,0.5580821172784335,0.1896274736834232,0.7839105339105339,0.6862745098039216,0.517934045309209,0.5147058823529411
close,0.58,408,0.5584309723254077,0.1897700500898299,0.7835497835497836,0.6862745098039216,0.5179538519121765,0.5147058823529411
close,0.59,408,0.5587979155149516,0.18991900665953979,0.7834535834535835,0.6887254901960784,0.517973658515144,0.5147058823529411
close,0.6,408,0.5591832087189035,0.19007434339255283,0.782996632996633,0.6887254901960784,0.5179934651181116,0.5147058823529411
close,0.61,408,0.5595871300518253,0.1902360602888691,0.7826599326599326,0.6887254901960784,0.5180132717210791,0.5147058823529411
close,0.62,408,0.5600099747481754,0.19040415734848856,0.7824194324194325,0.6887254901960784,0.5180330783240467,0.5147058823529411
close,0.63,408,0.560452056129825,0.19057863457141125,0.7822029822029822,0.6887254901960784,0.5180528849270143,0.5147058823529411
close,0.64,408,0.5609137066733412,0.19075949195763708,0.7819624819624819,0.6862745098039216,0.5180726915299818,0.5147058823529411
close,0.65,408,0.561395279187846,0.19094672950716618,0.7815055315055315,0.6862745098039216,0.5180924981329493,0.5147058823529411
close,0.66,408,0.5618971481158697,0.19114034721999842,0.7811928811928812,0.6862745098039216,0.5181123047359169,0.5147058823529411
close,0.67,408,0.5624197109714764,0.19134034509613385,0.781072631072631,0.6862745098039216,0.5181321113388844,0.5147058823529411
close,0.68,408,0.5629633899321361,0.1915467231355725,0.7806397306397306,0.6887254901960784,0.518151917941852,0.5147058823529411
close,0.69,408,0.5635286336033798,0.19175948133831436,0.7803270803270804,0.6887254901960784,0.5181717245448195,0.5147058823529411
close,0.7,408,0.5641159189783094,0.19197861970435942,0.7801346801346801,0.6911764705882353,0.518191531147787,0.5147058823529411
close,0.71,408,0.5647257536176237,0.19220413823370766,0.7795815295815295,0.6911764705882353,0.5182113377507546,0.5147058823529411
close,0.72,408,0.5653586780801022,0.19243603692635908,0.7795574795574796,0.6911764705882353,0.5182311443537222,0.5147058823529411
close,0.73,408,0.5660152686386025,0.19267431578231373,0.778956228956229,0.6911764705882353,0.5182509509566897,0.5147058823529411
close,0.74,408,0.5666961403227756,0.19291897480157152,0.7785954785954786,0.6911764705882353,0.5182707575596572,0.5147058823529411
close,0.75,408,0.567401950337134,0.1931700139841326,0.7781625781625782,0.6911764705882353,0.5182905641626248,0.5147058823529411
close,0.76,408,0.5681334019121298,0.19342743332999682,0.7775613275613276,0.6911764705882353,0.5183103707655924,0.5147058823529411
close,0.77,408,0.5688912486569162,0.19369123283916423,0.7771765271765272,0.6887254901960784,0.5183301773685599,0.5147058823529411
close,0.78,408,0.5696762994960111,0.1939614125116349,0.7768638768638769,0.6862745098039216,0.5183499839715274,0.5147058823529411
close,0.79,408,0.570489424288812,0.19423797234740867,0.7764550264550265,0.6862745098039216,0.518369790574495,0.5147058823529411
close,0.8,408,0.5713315602517511,0.19452091234648572,0.775998075998076,0.6838235294117647,0.5183895971774625,0.5147058823529411
close,0.81,408,0.5722037193289872,0.19481023250886595,0.7756613756613757,0.6887254901960784,0.51840940378043,0.5147058823529411
close,0.82,408,0.5731069966905137,0.19510593283454938,0.7752525252525253,0.6862745098039216,0.5184292103833976,0.5147058823529411
close,0.83,408,0.5740425805785518,0.19540801332353597,0.7750120250120252,0.6862745098039216,0.5184490169863653,0.5147058823529411
close,0.84,408,0.5750117637770334,0.19571647397582578,0.7744348244348245,0.6862745098039216,0.5184688235893327,0.5147058823529411
close,0.85,408,0.5760159570488975,0.1960313147914188,0.7737854737854738,0.6862745098039216,0.5184886301923003,0.5147058823529411
close,0.86,408,0.5770567049775065,0.19635253577031497,0.7733525733525733,0.6887254901960784,0.5185084367952678,0.5147058823529411
close,0.87,408,0.5781357047697386,0.1966801369125144,0.7728234728234729,0.6887254901960784,0.5185282433982353,0.5147058823529411
close,0.88,408,0.5792548287408071,0.197014118218017,0.7725108225108224,0.6887254901960784,0.5185480500012029,0.5147058823529411
close,0.89,408,0.5804161514214374,0.1973544796868228,0.772005772005772,0.6887254901960784,0.5185678566041704,0.5147058823529411
close,0.9,408,0.5816219825318072,0.19770122131893178,0.7719336219336219,0.6887254901960784,0.518587663207138,0.5147058823529411
close,0.91,408,0.5828749074916016,0.19805434311434397,0.7714285714285714,0.6887254901960784,0.5186074698101055,0.5147058823529411
close,0.92,408,0.5841778377404186,0.1984138450730594,0.7705387205387205,0.6887254901960784,0.5186272764130732,0.5147058823529411
close,0.93,408,0.5855340740205764,0.19877972719507794,0.7702020202020202,0.6887254901960784,0.5186470830160407,0.5147058823529411
close,0.94,408,0.5869473870760864,0.19915198948039978,0.7694083694083694,0.6887254901960784,0.5186668896190082,0.5147058823529411
close,0.95,408,0.5884221221993426,0.1995306319290247,0.7686387686387687,0.6911764705882353,0.5186866962219757,0.5147058823529411
close,0.96,408,0.589963337145933,0.19991565454095292,0.7680375180375181,0.6887254901960784,0.5187065028249433,0.5147058823529411
close,0.97,408,0.5915769879159306,0.20030705731618428,0.7674122174122174,0.6887254901960784,0.5187263094279108,0.5147058823529411
close,0.98,408,0.5932701852177276,0.20070484025471885,0.7667628667628668,0.6887254901960784,0.5187461160308784,0.5147058823529411
close,0.99,408,0.5950515589247752,0.20110900335655665,0.7660654160654159,0.6887254901960784,0.5187659226338459,0.5147058823529411
close,1.0,408,0.596931794371762,0.20151954662169763,0.7653679653679653,0.6887254901960784,0.5187857292368134,0.5147058823529411
