rating_rank,player_id,player_name,glicko_rating,glicko_rd,glicko_lower_bound,games_played,low_evidence,last_appearance,days_since_last_appearance,domestic_family,domestic_tier,affiliation_source_date,affiliation_source_tournament,affiliation_source_team
1,1228,Viper,2070.6737579529517,67.44077634900962,1935.7922052549325,996,False,2026-05-08,20,LPL,major,2026-05-08,LPL 2026 Split 2,2849
2,3353,ON,2063.519879881831,67.11734194881572,1929.2851959841996,751,False,2026-05-08,20,LPL,major,2026-05-08,LPL 2026 Split 2,2849
3,2606,Bin,2063.4955288663923,67.0844007490493,1929.3267273682936,884,False,2026-05-08,20,LPL,major,2026-05-08,LPL 2026 Split 2,2849
4,1270,Knight,2063.447049749716,67.01789514453766,1929.4112594606406,1051,False,2026-05-08,20,LPL,major,2026-05-08,LPL 2026 Split 2,2849
5,3330,XUN,2051.7468722824933,66.58781950069057,1918.5712332811122,685,False,2026-05-08,20,LPL,major,2026-05-08,LPL 2026 Split 2,2849
6,1629,Chovy,2049.3519232206763,71.55046444123948,1906.2509943381974,1012,False,2026-05-08,20,LCK,major,2026-05-08,LCK 2026 Rounds 1-2,2804
7,685,Ruler,2048.9202877466664,71.46336399482132,1905.9935597570238,1212,False,2026-05-08,20,LCK,major,2026-05-08,LCK 2026 Rounds 1-2,2804
8,1909,Canyon,2040.610131254689,70.77719116499092,1899.0557489247071,967,False,2026-05-08,20,LCK,major,2026-05-08,LCK 2026 Rounds 1-2,2804
9,4946,SkewMond,2037.0148350622862,67.58364995579406,1901.8475351506981,325,False,2026-05-10,18,LEC,major,2026-05-10,LEC 2026 Spring Season,2897
10,732,Hans Sama,2036.9049237831853,67.46682351890183,1901.9712767453816,791,False,2026-05-10,18,LEC,major,2026-05-10,LEC 2026 Spring Season,2897
11,1310,Brokenblade,2036.8924983170868,67.43383229728065,1902.0248337225255,742,False,2026-05-10,18,LEC,major,2026-05-10,LEC 2026 Spring Season,2897
12,802,Caps,2036.8756500761642,67.38944768904125,1902.0967546980817,909,False,2026-05-10,18,LEC,major,2026-05-10,LEC 2026 Spring Season,2897
13,2887,Labrov,2036.503429895964,67.54636706711055,1901.410695761743,509,False,2026-05-10,18,LEC,major,2026-05-10,LEC 2026 Spring Season,2897
14,1115,Kiin,2033.3830569454394,70.18975681663683,1893.0035433121657,1051,False,2026-05-08,20,LCK,major,2026-05-08,LCK 2026 Rounds 1-2,2804
15,4259,Duro,2032.5979172300126,70.31508271325065,1891.9677518035114,477,False,2026-05-08,20,LCK,major,2026-05-08,LCK 2026 Rounds 1-2,2804
16,3247,Gumayusi,2010.8663000717922,69.08722482860531,1872.6918504145815,749,False,2026-05-10,18,LCK,major,2026-05-10,LCK 2026 Rounds 1-2,2805
17,4216,Piero,2008.5984717384417,70.4942179321688,1867.6100358741041,325,False,2026-05-07,21,LFL,regional,2026-05-07,LFL 2026 Spring Playoffs,2918
18,1267,JackeyLove,2003.9582444030007,68.65643537318763,1866.6453736566255,1032,False,2026-05-09,19,LPL,major,2026-05-09,LPL 2026 Split 2,2852
19,3658,Zeus,2003.5346218589095,68.90472866546484,1865.7251645279798,702,False,2026-05-10,18,LCK,major,2026-05-10,LCK 2026 Rounds 1-2,2805
20,3411,Delight,2003.374377120703,68.9455620577227,1865.4832530052577,654,False,2026-05-10,18,LCK,major,2026-05-10,LCK 2026 Rounds 1-2,2805
21,2906,Zeka,2003.3401683105822,68.87471712675331,1865.5907340570755,715,False,2026-05-10,18,LCK,major,2026-05-10,LCK 2026 Rounds 1-2,2805
22,3873,SlowQ,1993.7116919532566,75.63498405764234,1842.441723837972,320,False,2026-04-16,42,TCL,regional,2026-04-16,TCL 2026 Spring,2912
23,2360,Kanavi,1993.0843799501429,68.32229551371972,1856.4397889227034,815,False,2026-05-10,18,LCK,major,2026-05-10,LCK 2026 Rounds 1-2,2805
24,48,Faker,1992.9465649171777,68.45412520634633,1856.038314504485,1502,False,2026-05-10,18,LCK,major,2026-05-10,LCK 2026 Rounds 1-2,2809
25,1258,Keria,1992.9032540459752,68.57286838627414,1855.7575172734269,966,False,2026-05-10,18,LCK,major,2026-05-10,LCK 2026 Rounds 1-2,2809
26,1242,Doran,1992.9008307757763,68.5959592343336,1855.7089123071091,848,False,2026-05-10,18,LCK,major,2026-05-10,LCK 2026 Rounds 1-2,2809
27,3741,Oner,1992.8509395568924,68.64519196108392,1855.5605556347246,767,False,2026-05-10,18,LCK,major,2026-05-10,LCK 2026 Rounds 1-2,2809
28,4434,Aetinoth,1971.4256629409483,69.70443812520608,1832.0167866905363,277,False,2026-05-07,21,LFL,regional,2026-05-07,LFL 2026 Spring Playoffs,2918
29,2653,Jool,1969.108532572351,69.16658214916916,1830.7753682740126,295,False,2026-05-07,21,LFL,regional,2026-05-07,LFL 2026 Spring Playoffs,2918
30,1640,Ragner,1964.574134244548,74.86126437314384,1814.8516054982604,520,False,2026-05-07,21,TCL,regional,2026-05-07,TCL 2026 Spring,2912
31,4247,Peyz,1963.087258034543,67.58200929681279,1827.9232394409175,557,False,2026-05-10,18,LCK,major,2026-05-10,LCK 2026 Rounds 1-2,2809
32,3999,Zicssi,1959.5526543718452,68.52679991665072,1822.4990545385438,338,False,2026-05-07,21,LFL,regional,2026-05-07,LFL 2026 Spring Playoffs,2918
33,4500,Busio,1953.9537477629829,68.36292712112001,1817.2278935207428,359,False,2026-05-10,18,LEC,major,2026-05-10,LEC 2026 Spring Season,2899
34,3906,Creme,1953.4025595383355,64.95122940801018,1823.5001007223152,621,False,2026-05-09,19,LPL,major,2026-05-09,LPL 2026 Split 2,2852
35,5985,Steller,1949.62170300544,104.61252230388945,1740.396658397661,33,False,2026-05-02,26,LCP,minor_top_level,2026-05-02,LCP 2026 Split 2,2886
36,2577,Kryze,1946.820037536712,68.51696106437242,1809.7861154079674,339,False,2026-05-07,21,LFL,regional,2026-05-07,LFL 2026 Spring Playoffs,2918
37,5770,ZUIAN,1946.3975807782376,77.91810497219991,1790.5613708338378,40,False,2026-05-09,19,LPL,major,2026-05-09,LPL 2026 Split 2,2852
38,2907,JunJia,1946.162662719693,64.45976795851803,1817.243126802657,453,False,2026-05-10,18,LPL,major,2026-05-10,LPL 2026 Split 2,2851
39,5904,HongQ,1946.0161084866,64.52349483990949,1816.969118806781,212,False,2026-05-10,18,LPL,major,2026-05-10,LPL 2026 Split 2,2851
40,6658,fengyue,1944.2980215252865,66.30145504249693,1811.6951114402925,68,False,2026-05-09,19,LPL,major,2026-05-09,LPL 2026 Split 2,2852
41,1931,GALA,1944.234632121167,64.29815880245393,1815.638314516259,893,False,2026-05-10,18,LPL,major,2026-05-10,LPL 2026 Split 2,2851
42,1226,Tarzan,1940.0919557672844,64.65298528531457,1810.7859851966552,927,False,2026-05-10,18,LPL,major,2026-05-10,LPL 2026 Split 2,2848
43,341,Flandre,1940.034659673868,64.70768659613921,1810.6192864815896,1024,False,2026-05-10,18,LPL,major,2026-05-10,LPL 2026 Split 2,2848
44,1561,Hope,1939.984420152387,64.74558670230874,1810.4932467477695,658,False,2026-05-10,18,LPL,major,2026-05-10,LPL 2026 Split 2,2848
45,3344,Shanks,1939.9648193887197,64.76814086905911,1810.4285376506014,591,False,2026-05-10,18,LPL,major,2026-05-10,LPL 2026 Split 2,2848
46,3323,Kael,1939.9469267643274,64.78849584200066,1810.369935080326,585,False,2026-05-10,18,LPL,major,2026-05-10,LPL 2026 Split 2,2848
47,1269,Tian,1939.6196663737264,68.2068613358946,1803.2059437019373,861,False,2026-05-09,19,LPL,major,2026-05-09,LPL 2026 Split 2,2852
48,1716,Humanoid,1939.444728198951,68.53260456865637,1802.3795190616383,670,False,2026-05-04,24,LEC,major,2026-05-04,LEC 2026 Spring Season,2905
49,3406,Yike,1939.0291688728425,67.66763118101215,1803.6939065108181,522,False,2026-05-10,18,LEC,major,2026-05-10,LEC 2026 Spring Season,2899
50,4900,Caliste,1938.709226245126,67.73173631301955,1803.2457536190868,307,False,2026-05-10,18,LEC,major,2026-05-10,LEC 2026 Spring Season,2899
51,2671,Canna,1938.4395958774783,67.61089202143128,1803.2178118346158,582,False,2026-05-10,18,LEC,major,2026-05-10,LEC 2026 Spring Season,2899
52,4918,Xiaoxu,1936.9373915381689,64.51900404154856,1807.8993834550718,340,False,2026-05-10,18,LPL,major,2026-05-10,LPL 2026 Split 2,2851
53,4634,Alvaro,1936.8153754047692,66.71094798824984,1803.3934794282695,352,False,2026-05-10,18,LEC,major,2026-05-10,LEC 2026 Spring Season,2900
54,2717,Supa,1936.8054142252415,66.70101976954717,1803.4033746861471,510,False,2026-05-10,18,LEC,major,2026-05-10,LEC 2026 Spring Season,2900
55,4310,Myrwn,1936.7784201997183,66.71510593436794,1803.3482083309825,365,False,2026-05-10,18,LEC,major,2026-05-10,LEC 2026 Spring Season,2900
56,2719,Elyoya,1936.7109231795623,66.62840065744818,1803.454121864666,561,False,2026-05-10,18,LEC,major,2026-05-10,LEC 2026 Spring Season,2900
57,3544,jojopyun,1936.6661618981734,66.67459550114832,1803.3169708958767,431,False,2026-05-10,18,LEC,major,2026-05-10,LEC 2026 Spring Season,2900
58,5359,Vampire,1936.3227354179671,64.53441416647637,1807.2539070850144,295,False,2026-05-10,18,LPL,major,2026-05-10,LPL 2026 Split 2,2851
59,3845,113,1928.8118460669318,73.53858402575109,1781.7346780154296,329,False,2026-05-07,21,TCL,regional,2026-05-07,TCL 2026 Spring,2912
60,4427,Naak Nako,1927.7208184879087,68.3021933055034,1791.116431876902,230,False,2026-05-04,24,LEC,major,2026-05-04,LEC 2026 Spring Season,2905
61,4411,Fleshy,1926.5941638354034,68.26755425709406,1790.0590553212153,256,False,2026-05-04,24,LEC,major,2026-05-04,LEC 2026 Spring Season,2905
62,3482,Lyncas,1924.649016874338,68.26333231986719,1788.1223522346036,338,False,2026-05-04,24,LEC,major,2026-05-04,LEC 2026 Spring Season,2905
63,1584,Carzzy,1923.9361749612463,68.21813674457131,1787.4999014721036,508,False,2026-05-04,24,LEC,major,2026-05-04,LEC 2026 Spring Season,2905
64,5122,PerfecT,1912.7660781612735,68.34657322185,1776.0729317175735,316,False,2026-05-09,19,LCK,major,2026-05-09,LCK 2026 Rounds 1-2,2806
65,983,Cuzz,1911.7796850942393,68.1294807552282,1775.520723583783,810,False,2026-05-09,19,LCK,major,2026-05-09,LCK 2026 Rounds 1-2,2806
66,3194,3XA,1911.4145961064335,72.31192715497332,1766.7907417964868,434,False,2026-04-07,51,LFL,regional,2026-03-05,LFL 2026 Invitational,2916
67,2434,Ferret,1907.6172276247698,80.4277061019286,1746.7618154209126,382,False,2026-05-06,22,EBL,regional,2026-05-06,EBL 2026 Spring Playoffs,2961
68,650,Bdd,1906.4192748577755,67.86739624591026,1770.6844823659549,1059,False,2026-05-09,19,LCK,major,2026-05-09,LCK 2026 Rounds 1-2,2806
69,1501,Inspired,1901.1898446761302,70.58736310354317,1760.015118469044,598,False,2026-05-10,18,LCS,major,2026-05-10,LCS 2026 Spring,2954
70,5960,Hizto,1899.108729957423,68.52660209449247,1762.0555257684382,126,False,2026-05-09,19,LCP,minor_top_level,2026-05-09,LCP 2026 Split 2,2887
71,5961,Dire,1899.108729957423,68.52660209449247,1762.0555257684382,126,False,2026-05-09,19,LCP,minor_top_level,2026-05-09,LCP 2026 Split 2,2887
72,3245,Eddie,1898.0540452816524,68.45680488312215,1761.1404355154082,355,False,2026-05-09,19,LCP,minor_top_level,2026-05-09,LCP 2026 Split 2,2887
73,2271,Ruby,1897.260650780394,87.09454511343563,1723.0715605535227,261,False,2026-05-06,22,EBL,regional,2026-05-06,EBL 2026 Spring Playoffs,2961
74,5264,Kyeahoo,1894.7871891074012,66.86012629083376,1761.0669365257336,261,False,2026-05-10,18,LEC,major,2026-05-10,LEC 2026 Spring Season,2899
75,7083,TheHank,1893.4988501382363,151.40317928302878,1590.6924915721788,5,True,2026-05-10,18,LPL,major,2026-05-10,LPL 2026 Split 2,2853
76,1218,Targamas,1892.4889595457398,71.82146426413198,1748.846031017476,516,False,2026-04-07,51,LFL,regional,2026-03-05,LFL 2026 Invitational,2916
77,1461,Bie,1887.9706815193942,68.63297987965116,1750.7047217600918,554,False,2026-05-09,19,LCP,minor_top_level,2026-05-09,LCP 2026 Split 2,2887
78,3694,Hype,1886.428402177328,71.59723953367578,1743.2339231099766,416,False,2026-04-16,42,TCL,regional,2026-04-16,TCL 2026 Spring,2912
79,2799,Pun,1882.4542932717256,68.22249170874419,1746.0093098542372,385,False,2026-05-09,19,LCP,minor_top_level,2026-05-09,LCP 2026 Split 2,2887
80,2704,Kaiser,1881.6409814990766,69.3636429413504,1742.9136956163757,453,False,2026-05-07,21,Prime League,regional,2026-05-07,Prime League 1st Div 2026 Spring Split,2965
81,3493,Irrelevant,1875.501188621283,69.80123700591834,1735.8987146094464,289,False,2026-05-07,21,Prime League,regional,2026-05-07,Prime League 1st Div 2026 Spring Split,2965
82,1815,Erdote,1875.2402561682338,77.72973126337565,1719.7807936414824,543,False,2026-05-06,22,EBL,regional,2026-05-06,EBL 2026 Spring Playoffs,2961
83,2884,Reeker,1873.2799193739868,69.68497914660495,1733.9099610807768,419,False,2026-05-07,21,Prime League,regional,2026-05-07,Prime League 1st Div 2026 Spring Split,2965
84,1250,ShowMaker,1872.886922597824,65.1544033221062,1742.5781159536116,978,False,2026-05-10,18,LCK,major,2026-05-10,LCK 2026 Rounds 1-2,2802
85,5392,Siwoo,1872.6136550448305,65.39394661810736,1741.8257618086157,346,False,2026-05-10,18,LCK,major,2026-05-10,LCK 2026 Rounds 1-2,2802
86,3895,Lucid,1872.4682518252914,65.36462053394274,1741.739010757406,594,False,2026-05-10,18,LCK,major,2026-05-10,LCK 2026 Rounds 1-2,2802
87,3706,Maynter,1871.8254570675715,68.33511707050515,1735.1552229265612,357,False,2026-05-03,25,LEC,major,2026-05-03,LEC 2026 Spring Season,2901
88,1135,Dhokla,1869.6430097334344,69.45287910828009,1730.7372515168743,435,False,2026-05-10,18,LCS,major,2026-05-10,LCS 2026 Spring,2954
89,4003,Habubu,1868.812037084883,70.33235959893612,1728.1473178870108,146,False,2026-05-07,21,Prime League,regional,2026-05-07,Prime League 1st Div 2026 Spring Split,2965
90,2670,Hang,1868.7417157003233,68.16033713846262,1732.421041423398,609,False,2026-05-02,26,LPL,major,2026-05-02,LPL 2026 Split 2,2853
91,2376,Elk,1864.9949091645417,64.6065100369701,1735.7818890906015,884,False,2026-05-10,18,LPL,major,2026-05-10,LPL 2026 Split 2,2853
92,1328,Aiming,1862.7676284617921,67.11413794270007,1728.539352576392,851,False,2026-05-09,19,LCK,major,2026-05-09,LCK 2026 Rounds 1-2,2806
93,1204,Saken,1860.4208220807163,72.83719002210805,1714.7464420365002,414,False,2026-04-07,51,LFL,regional,2026-03-05,LFL 2026 Invitational,2916
94,4001,Zoelys,1859.0740011744508,67.61880608005833,1723.8363890143341,300,False,2026-05-07,21,LFL,regional,2026-05-07,LFL 2026 Spring Playoffs,2917
95,3289,Harpoon,1857.1764698070972,67.52517670785234,1722.1261163913925,377,False,2026-05-07,21,LFL,regional,2026-05-07,LFL 2026 Spring Playoffs,2917
96,4940,Smash,1857.0960440134807,65.52284650337917,1726.0503510067224,394,False,2026-05-10,18,LCK,major,2026-05-10,LCK 2026 Rounds 1-2,2802
97,386,meiko,1852.9650299057257,66.76289748972634,1719.439234926273,1302,False,2026-05-09,19,LPL,major,2026-05-09,LPL 2026 Split 2,2850
98,2324,Jiejie,1852.8702525466317,64.75737963363568,1723.3554932793604,652,False,2026-05-10,18,LPL,major,2026-05-10,LPL 2026 Split 2,2853
99,5204,Career,1852.0029855458072,65.5796733748807,1720.8436387960458,282,False,2026-05-10,18,LCK,major,2026-05-10,LCK 2026 Rounds 1-2,2802
100,347,xiaohu,1849.957438319194,64.53768306562148,1720.882072187951,1371,False,2026-05-10,18,LPL,major,2026-05-10,LPL 2026 Split 2,2853
