family,primary_tier,tier_history,direct_bridge_component_id,direct_bridge_component_size,direct_bridge_partners,all_flow_component_id,all_flow_component_size,all_flow_partners,domestic_matches,date_min,date_max,unique_teams,unique_players,direct_bridge_events,last_direct_bridge_date,days_since_last_direct_bridge,last_flow_date,days_since_last_flow,transfer_arrivals,transfer_departures
Arabian League,regional,regional,D001,33,14,A001,50,26,438,2023-02-01,2026-05-08,35,209,111,2026-03-13,76,2026-05-07,21,143,82
Baltic Masters,regional,regional,D001,33,9,A001,50,13,67,2021-01-26,2021-08-11,8,62,24,2021-08-17,1745,2025-01-22,491,12,22
CBLOL,minor_top_level,minor_top_level,D001,33,13,A001,50,32,1314,2017-01-21,2026-05-10,89,271,86,2026-03-19,70,2026-05-04,24,268,268
CBLOL Academy,development,development,D002,1,0,A001,50,10,773,2021-01-19,2024-08-25,44,216,0,,,2026-05-06,22,161,188
Circuito Desafiante,development,development,D003,1,0,A001,50,11,262,2020-02-03,2026-05-05,30,148,0,,,2026-05-04,24,136,77
EBL,regional,regional,D001,33,13,A001,50,25,612,2021-01-25,2026-05-07,61,351,123,2026-03-15,74,2026-05-07,21,216,168
EU Challenger Series,development,development,D004,1,0,A001,50,21,28,2017-02-05,2017-08-06,10,63,0,,,2023-01-09,1235,29,60
HLL,regional,regional,D001,33,14,A001,50,26,732,2021-01-18,2026-05-07,53,395,152,2026-03-15,74,2026-05-07,21,259,207
Hitpoint Challengers,development,development,D005,1,0,A001,50,3,79,2021-02-03,2021-07-03,12,80,0,,,2026-04-17,41,25,48
Hitpoint Masters,regional,regional,D001,33,15,A001,50,29,927,2018-03-06,2026-05-06,98,471,152,2026-03-13,76,2026-05-07,21,217,196
LCK,major,major,D001,33,14,A001,50,30,2416,2014-12-03,2026-05-10,178,478,445,2026-03-21,68,2026-05-11,17,379,519
LCK CL,development,development,D006,1,0,A001,50,22,1365,2020-02-06,2026-05-11,71,281,0,,,2026-05-11,17,325,348
LCL,minor_top_level,minor_top_level,D001,33,14,A001,50,32,622,2017-01-28,2022-02-20,51,175,67,2021-10-07,1694,2025-04-01,422,38,88
LCO,minor_top_level,minor_top_level,D001,33,9,A001,50,20,460,2021-02-23,2024-07-22,33,147,38,2022-10-02,1334,2025-07-27,305,87,56
LCP,minor_top_level,minor_top_level,D001,33,4,A001,50,14,166,2025-01-17,2026-05-10,16,78,29,2026-03-18,71,2026-04-28,30,80,18
LCS,major,major,D001,33,13,A001,50,26,2310,2014-01-17,2026-05-10,128,353,376,2026-03-20,69,2026-05-09,19,494,506
LCS Proving Grounds,development,development,D007,1,0,A001,50,15,128,2021-03-31,2022-08-31,48,195,0,,,2026-03-27,62,241,258
LEC,major,major,D001,33,19,A001,50,34,2391,2014-01-14,2026-05-10,144,335,452,2026-03-31,58,2026-05-07,21,305,326
LES,regional,regional,D001,33,7,A001,50,14,33,2026-02-13,2026-05-07,8,46,15,2026-03-25,64,2026-05-07,21,38,3
LFL,regional,regional,D001,33,15,A001,50,34,1319,2019-01-22,2026-05-07,95,341,371,2026-04-14,44,2026-05-07,21,376,292
LFL Div2,development,development,D001,33,2,A001,50,27,883,2017-11-10,2025-09-14,56,308,4,2018-09-23,2804,2026-04-10,48,186,233
LIT,regional,regional,D001,33,14,A001,50,31,870,2019-01-27,2026-05-08,74,423,172,2026-03-14,75,2026-05-28,0,247,257
LJL,minor_top_level,minor_top_level,D001,33,13,A001,50,24,982,2018-02-09,2026-05-06,82,267,67,2023-10-13,958,2026-04-30,28,109,68
LJL Academy,development,development,D008,1,0,A001,50,1,37,2021-08-30,2021-09-09,8,40,0,,,2026-02-22,95,4,29
LLA,minor_top_level,minor_top_level,D001,33,13,A001,50,31,1019,2018-01-20,2024-08-24,65,244,72,2024-09-29,606,2026-04-13,45,82,135
LMS,minor_top_level,minor_top_level,D001,33,9,A001,50,18,370,2015-04-10,2019-09-08,36,137,170,2019-10-20,2412,2024-07-03,694,18,68
LPL,major,major,D001,33,15,A001,50,21,3233,2015-01-16,2026-05-10,214,676,463,2026-03-22,67,2026-04-28,30,109,117
LPLOL,regional,regional,D001,33,15,A001,50,27,902,2018-05-21,2026-05-28,103,556,155,2026-03-13,76,2026-05-28,0,131,161
LRN,development,development,D009,1,0,A001,50,7,93,2025-03-24,2026-05-04,17,123,0,,,2026-04-13,45,45,18
LRS,development,development,D010,1,0,A001,50,7,87,2025-03-23,2026-05-05,17,113,0,,,2026-04-27,31,43,7
LST,minor_top_level,minor_top_level,D001,33,7,A001,50,13,64,2018-08-13,2019-09-15,16,80,14,2019-10-05,2427,2026-04-03,55,5,22
LTA,major,major,D001,33,4,A001,50,17,185,2025-01-25,2025-09-28,16,108,23,2025-10-25,215,2026-05-09,19,111,95
NA Academy,development,development,D011,1,0,A001,50,21,773,2018-01-19,2022-07-29,50,233,0,,,2025-03-27,427,449,490
NA Challenger Series,development,development,D012,1,0,A001,50,12,46,2017-01-26,2017-07-28,7,51,0,,,2022-06-13,1445,35,44
NACL,development,development,D013,1,0,A001,50,24,469,2023-01-21,2026-05-08,62,212,0,,,2026-05-06,22,180,84
NLC,regional,regional,D001,33,16,A001,50,32,829,2019-02-14,2026-03-07,71,462,196,2026-03-25,64,2026-05-07,21,301,289
OPL,minor_top_level,minor_top_level,D001,33,9,A001,50,20,443,2018-01-20,2020-08-28,25,102,32,2020-09-30,2066,2024-01-23,856,11,66
PCS,minor_top_level,minor_top_level,D001,33,11,A001,50,21,1059,2020-02-29,2026-04-29,77,302,108,2024-10-11,594,2026-04-30,28,174,110
Prime League,regional,regional,D001,33,16,A001,50,35,1192,2020-01-21,2026-05-07,76,277,300,2026-04-07,51,2026-04-27,31,288,210
Prime League Second Division,development,development,D014,1,0,A001,50,18,385,2023-01-09,2024-07-30,22,140,0,,,2026-04-01,57,72,76
REL,regional,regional,D015,1,0,A001,50,9,52,2020-04-12,2020-06-07,8,51,0,,,2023-06-06,1087,2,25
Rift Legends,regional,regional,D001,33,12,A001,50,18,133,2025-01-28,2026-05-07,19,117,39,2026-03-15,74,2026-05-07,21,86,29
Road of Legends,regional,regional,D001,33,14,A001,50,23,640,2021-01-11,2026-05-07,56,362,120,2026-03-14,75,2026-04-30,28,159,145
SuperLiga,regional,regional,D001,33,15,A001,50,34,1417,2018-01-28,2025-08-31,86,352,269,2025-11-02,207,2026-05-06,22,309,354
SuperLiga Second Division,development,development,D016,1,0,A001,50,18,407,2022-05-31,2024-08-04,31,169,0,,,2026-02-14,103,105,116
TCL,minor_top_level,minor_top_level|regional,D001,33,27,A001,50,43,1464,2018-01-20,2026-05-07,84,402,219,2026-04-14,44,2026-05-07,21,290,274
TCL Div2,development,development,D017,1,0,A001,50,11,187,2024-01-18,2024-07-28,13,137,0,,,2026-04-09,49,32,35
Turkey Academy,development,development,D018,1,0,A001,50,10,186,2022-01-20,2022-08-17,10,109,0,,,2026-02-13,104,27,71
Ultraliga,regional,regional,D001,33,12,A001,50,28,984,2018-10-22,2024-08-03,65,288,205,2024-08-12,654,2026-05-07,21,177,242
VCS,minor_top_level,minor_top_level,D001,33,13,A001,50,22,888,2018-01-18,2026-03-29,82,259,123,2024-10-12,593,2026-04-18,40,20,36
