group_type,tier,family,active_players,low_evidence_players,unknown_affiliation_players,date_min_last_appearance,date_max_last_appearance,glicko_rating_min,glicko_rating_p10,glicko_rating_p25,glicko_rating_median,glicko_rating_p75,glicko_rating_p90,glicko_rating_max,glicko_rd_min,glicko_rd_p10,glicko_rd_p25,glicko_rd_median,glicko_rd_p75,glicko_rd_p90,glicko_rd_max,glicko_lower_bound_min,glicko_lower_bound_p10,glicko_lower_bound_p25,glicko_lower_bound_median,glicko_lower_bound_p75,glicko_lower_bound_p90,glicko_lower_bound_max
family,all,Arabian League,45,3,0,2026-04-10,2026-05-08,1274.8708980593854,1359.1683968788634,1409.8199158827722,1480.3107907738683,1623.2732008739713,1694.8247170217032,1794.9748816387291,65.6645190301614,67.35977442439751,68.77885885791385,71.73481542611856,78.15701416039177,93.54423660886754,228.12221507636838,818.6264679066486,1164.9206835196537,1215.0941154805423,1342.6177720552776,1481.3829063753801,1530.3343639414206,1631.0115407917613
family,all,CBLOL,42,0,0,2026-04-19,2026-05-10,1499.4190685125516,1570.6401660809388,1631.7155283062643,1701.0955300879536,1754.8752403148749,1826.1486493754544,1848.2520148715723,66.64486183487625,67.57128959215603,68.06252807980343,69.4198789807049,71.06609086187612,74.87864177767561,80.28023794441317,1347.0723354639608,1431.0534177263391,1481.3708036625108,1563.9521150458222,1621.3355191508858,1689.6594579949026,1692.8648413005849
family,all,Circuito Desafiante,54,2,0,2026-04-01,2026-05-05,1281.283802398346,1320.3124401607422,1404.104195901668,1496.7642730345974,1603.5207964661167,1657.9874344256814,1746.7883907017044,70.59407903599342,75.55524054957553,77.28077973664332,78.85790618634428,90.94815125274235,106.15985613881045,223.98495456265059,870.2572334285962,1125.5332193837442,1244.0877124568462,1331.023032487235,1450.1747609836602,1503.6460480104138,1604.3423111299599
family,all,EBL,52,11,0,2026-04-16,2026-05-07,1041.727804597776,1274.2868607406424,1344.2265968084798,1447.1020864135717,1535.3801393575282,1602.8517754719164,1907.6172276247698,70.87492528322667,73.9905179686447,78.75693811594807,82.76313073285505,128.67102290150657,215.4073253175796,269.2626715804282,670.9224191807828,850.4105623594152,1046.7877753612736,1267.0576448929805,1379.709550259256,1458.9545685474757,1746.7618154209126
family,all,HLL,49,7,0,2026-03-31,2026-05-07,1087.2128900852385,1207.5626761143797,1289.8131146409874,1442.172852194175,1627.9617079517784,1677.633183343727,1705.6237135131896,70.98251976960861,73.42227492823227,75.62740959992801,81.59743790802149,106.6586528822754,193.6633932777783,234.71876664852942,701.9396388644959,882.5827963170667,1080.8615610489142,1284.8917966000697,1478.6581919416687,1530.9670776859143,1558.284957097459
family,all,Hitpoint Masters,53,11,0,2026-04-18,2026-05-06,1046.6643536785245,1163.5035921413248,1246.3091691388308,1379.2913840685403,1568.8870167482105,1707.7083952275796,1784.7293411928736,71.82902627117193,74.06146494428947,78.32218770075885,89.1832693828701,124.64543394314823,214.965687763861,240.94538503714787,731.3042616753189,839.5118653442764,991.475644085191,1192.514074142463,1389.6225444750912,1508.2302536164455,1630.6707593940562
family,all,LCK,53,0,0,2026-04-23,2026-05-10,1501.7013028179392,1617.5855894779406,1711.5267899112753,1806.8678836442896,1992.8509395568924,2009.3999644292157,2049.3519232206763,64.48946395413815,65.53128255211153,67.00510603436993,68.57286838627414,69.36728861260477,71.32612942885524,87.99016136039792,1354.813408385952,1476.5666234243706,1573.7787569720156,1675.7378301502076,1855.5605556347246,1871.2985132372612,1906.2509943381974
family,all,LCK CL,53,0,0,2026-04-09,2026-05-11,1323.1196295203385,1380.8654799725657,1465.4348329299764,1542.7330013251194,1593.3848660869216,1599.5928487053764,1725.1558902235952,64.18672990702595,64.42938858674646,65.73224530778812,66.77431043182108,68.64264673389425,76.51442480720677,122.50147541004573,1087.0440451107115,1245.075347388112,1328.6560611602092,1404.9447948527861,1459.955673132735,1468.2342456906524,1588.974594030725
family,all,LCP,42,0,0,2026-04-11,2026-05-10,1425.7886163259363,1569.1497336203615,1628.1968242689584,1728.9574764325007,1761.1448841517458,1887.4190426946275,1949.62170300544,67.70468177912996,67.83610316212588,69.19011210087648,70.02042885214009,73.26692100514538,77.68871790284116,125.60557360538547,1263.3162590418094,1425.6728957043908,1479.6558917025386,1588.137113171726,1618.4423217300614,1745.4480447085796,1762.0555257684382
family,all,LCS,41,0,0,2026-05-02,2026-05-10,1503.722767208438,1576.0950060757798,1608.5676087214758,1693.3497416758873,1810.2175778794701,1846.0988848378324,1901.1898446761302,67.45611318295836,68.55153097712076,69.163003234148,70.58736310354317,72.81087952622691,75.01119407947948,92.7981972402299,1348.369822927609,1425.1204495280103,1465.6025115786317,1557.3484578640364,1671.389977544175,1707.362347045269,1760.015118469044
family,all,LEC,50,0,0,2026-04-26,2026-05-10,1638.8485425823321,1682.088869210916,1738.3019317867302,1822.9804850417715,1936.7615459446793,1962.2087159762812,2037.0148350622862,66.62840065744818,66.84562425518718,67.683657464014,68.28487378129873,68.61865664361063,72.09868734024914,77.61117536811743,1497.9489886059769,1542.1147734374715,1598.4140035047487,1687.1307007618145,1803.238768172969,1825.6461737448428,1902.0967546980817
family,all,LES,40,0,0,2026-05-06,2026-05-07,1117.2348401179925,1242.5860251921204,1352.5465841381902,1590.4821168292044,1685.755523172172,1728.6975155941484,1847.4885552110027,68.86050297514923,72.44444522338335,73.91624399949157,76.68540410903628,104.3587357104108,123.07653853615948,151.39210618343276,814.450627751127,1016.4312067395904,1129.0393056844784,1436.6846290664732,1538.842027791376,1586.821137140885,1700.62030225248
family,all,LFL,58,0,0,2026-04-07,2026-05-07,1447.2993519911956,1571.6866024667347,1602.5119309535328,1687.0272078678113,1829.1214513352484,1898.166650513948,2008.5984717384417,67.30127821315845,68.52384826096723,70.11904588402487,71.47333580928125,74.44747667096031,79.024521207483,192.2331139990325,1101.5247757530944,1400.2346727195327,1455.5826525288023,1544.976442811186,1689.8818185005532,1754.2294442511793,1867.6100358741041
family,all,LIT,47,6,0,2026-04-02,2026-05-08,981.7295124272874,1102.165716800036,1207.8970923010656,1356.7560688839565,1445.5133751848005,1690.890944924945,1727.5826275168495,70.32555599386087,73.27760278970077,75.03384125406323,87.67728289854597,118.61999790407879,146.60196906229174,254.48572356033634,594.5087080254115,808.6625566645337,1018.5794440620026,1187.2784718180574,1279.1933082359253,1504.5743832508088,1577.3585963587768
family,all,LJL,45,5,0,2026-03-29,2026-05-06,1197.3357898347845,1259.4981310869332,1331.701389439522,1421.7561932881881,1515.0252738231077,1681.9249714685789,1798.1838817695057,75.25051476338493,80.234276671134,83.88130418555718,98.2197657315856,115.3205372714329,128.42284985213274,222.9118646428706,950.8272218100853,1045.8871520084772,1149.6975212794764,1206.3611471273207,1330.2957128870726,1478.075269155248,1632.3430659663381
family,all,LPL,75,2,0,2026-04-12,2026-05-10,1371.089405313381,1559.4233634541472,1651.5704027062638,1777.8415927061014,1936.630063478068,1946.3036135548198,2070.6737579529517,64.29815880245393,64.62510013630789,66.10122744906474,71.13397101089458,74.03771783297924,78.54526651759731,243.17418802088991,884.7410292716011,1413.45584903189,1488.729610599752,1592.228862592532,1796.8836572678874,1817.1335236043064,1935.7922052549325
family,all,LPLOL,43,8,0,2026-04-30,2026-05-28,1228.4109132322283,1293.0824415999243,1366.2575830194967,1431.593662588632,1505.600619065176,1574.7775048475,1832.8615005071608,72.99224580475186,82.2950302424633,90.82608060970094,100.73251334181273,128.42251565746332,190.6008871724266,212.00766060470053,938.1788086309307,1039.1655989805818,1102.216638974406,1207.5499017732764,1311.1983560856934,1408.7717150478713,1487.147330911947
family,all,LRN,45,6,0,2026-03-30,2026-05-04,1172.616388043386,1270.8810255577362,1336.7337620622575,1401.4534771501508,1597.2692128211042,1724.6824962365288,1766.1981157460086,79.62167621603793,83.17906861711074,85.82431982979993,100.67613874111672,120.1844970644291,143.89649134205004,225.86788213617143,777.9058342211147,1015.1245415146356,1124.1282152497317,1186.3606769118865,1387.903219998157,1558.0960391155534,1596.452773252369
family,all,LRS,50,9,0,2026-03-31,2026-05-05,1139.45118625216,1265.450525878632,1298.8367418743844,1466.3310506092234,1564.8728893913449,1648.2802478147091,1681.5296205648383,75.09015216098838,77.18467505084223,79.6450498688827,94.05084030904308,120.52931437020473,218.1430297904196,233.31112876815058,706.3621099803714,841.1617640622492,1061.313686847125,1298.0611197841529,1392.6401826251608,1491.0094797483537,1525.0625467309014
family,all,NACL,60,5,0,2026-04-01,2026-05-08,955.7839244667741,1244.7275475590536,1372.094011212008,1484.8884205318327,1578.8431809454482,1668.0462381545265,1760.418129427318,73.22765013788292,75.82677547360689,78.14984575294947,82.29479023403343,93.11661054384064,111.19677674255263,240.58262707551293,474.61867031574826,993.7847713445119,1152.3415331067456,1303.7057926832263,1406.8286847188324,1514.2521496209695,1593.6519929668684
family,all,PCS,51,25,0,2026-04-27,2026-04-29,1048.6823577473363,1166.1535585131396,1306.8675539269234,1439.9001053653028,1628.1498188237292,1727.1061441763297,1768.5479361621515,73.3822921925732,89.84181676231091,95.32208095279415,159.92028890771948,195.45395873126267,233.40140466564608,252.78359078874257,719.3183480703992,775.4559649273599,863.3496996271269,1150.501638683137,1414.6806527231643,1498.4829613555269,1567.1893299448848
family,all,Prime League,52,0,0,2026-04-03,2026-05-07,1024.0378368472054,1385.1807519999106,1534.375196451589,1672.1948765888405,1766.8962749609236,1832.5628056712492,1881.6409814990766,67.61115541836905,68.05636316497763,69.0133856231673,72.49348038675963,79.89965466677893,92.47755931051695,133.47743230677733,757.0829722336507,1224.8506610130285,1383.4034358341034,1515.8385207891356,1617.6021523579993,1690.3302132192741,1742.9136956163757
family,all,Rift Legends,44,0,0,2026-04-08,2026-05-07,1014.7642853222815,1332.6385895932315,1370.576007017918,1450.1591125409593,1630.6582851563494,1678.9035672673226,1739.9673187731103,71.10633141626242,71.98314962917405,72.30238980401857,79.1121250200389,91.3890191270072,111.13267261946864,144.13819259253813,741.3306692790984,1103.547967803539,1177.7511621644921,1299.3749938237058,1486.7709638832323,1534.21560010632,1595.4096036010724
family,all,Road of Legends,47,4,0,2026-03-31,2026-05-07,1031.4621524299105,1319.663600267449,1371.0733361615655,1439.193270567615,1563.1677812078756,1747.011813625728,1832.9366581342138,71.47864763256914,73.8033316536901,75.19338074307471,77.8559942048276,91.70382547976894,126.34700445165026,214.96746289314288,736.1176058908045,1137.1620523352865,1190.4197146373485,1251.8704756527343,1386.9150997106178,1497.461580531064,1672.1310501581454
family,all,TCL,43,1,0,2026-04-16,2026-05-07,1201.5416755051056,1238.6889151008495,1455.2093910158312,1529.9463171575273,1653.8152545841558,1790.1309652584946,1993.7116919532566,70.80221302783454,71.60447261802864,72.80849918575234,74.86126437314384,83.49369521805119,131.89478020061074,144.38458389634653,912.7725077124126,1005.7406628482229,1269.5764299395742,1383.575414324956,1510.1361204751233,1642.9576462561847,1842.441723837972
family,all,VCS,7,0,0,2026-03-29,2026-03-29,1495.7039044436447,1518.6026787005483,1554.8894434695444,1577.0845516706727,1615.7610440569374,1695.8432475157967,1770.131198372345,78.96607447629174,79.66074151745384,83.23735256212882,89.55402239693225,91.7258474464333,106.42513948912824,128.19896321718753,1311.885390436134,1350.3159837259939,1384.3809311041414,1406.0960963752457,1445.226544183461,1489.663054246812,1513.73327193797
overall,all,all,1241,105,0,2026-03-29,2026-05-28,955.7839244667741,1291.6325988181566,1400.9128061317494,1566.9829167897146,1705.6237135131896,1827.8157332809662,2070.6737579529517,64.18672990702595,67.75135353180292,70.69389552164249,77.06815595532619,93.99510981689636,133.47743230677733,269.2626715804282,474.61867031574826,1025.8367745792762,1206.0803834200437,1404.099361169853,1551.5256687803605,1687.932593191941,1935.7922052549325
tier,development,all,262,22,0,2026-03-30,2026-05-11,955.7839244667741,1284.6363401076794,1365.2905919166935,1489.6029928512405,1592.5305841192933,1665.545666682842,1766.1981157460086,64.18672990702595,66.77431043182108,76.30856850360988,82.52781338321125,100.97021917898677,125.91917290498873,240.58262707551293,474.61867031574826,1028.2020570771788,1162.43366204121,1328.149539462188,1433.9739500675803,1504.18406104681,1604.3423111299599
tier,major,all,219,2,0,2026-04-12,2026-05-10,1371.089405313381,1594.1080565564428,1678.9388111237463,1789.4935359442045,1912.2728816277563,1992.9119162202157,2070.6737579529517,64.29815880245393,65.50675341689282,67.43730432314513,68.7556900563977,72.04011489673053,75.03648429261428,243.17418802088991,884.7410292716011,1453.929683183394,1541.3392519243357,1648.0898641262575,1775.796827650678,1855.8136767196386,1935.7922052549325
tier,minor_top_level,all,187,30,0,2026-03-29,2026-05-10,1048.6823577473363,1304.6418947344978,1423.7724048070622,1610.2215836876824,1723.6011410799704,1772.8154769637756,1949.62170300544,66.64486183487625,68.19388380209897,70.13801423268346,82.92040790158372,111.89001273874105,190.35450849363178,252.78359078874257,719.3183480703992,976.7956888091343,1187.6110263035298,1435.4726644113564,1570.4084173563558,1629.0767992402991,1762.0555257684382
tier,regional,all,573,51,0,2026-03-31,2026-05-28,981.7295124272874,1246.7246220398838,1365.277055584229,1490.4579933444581,1652.9843396134834,1764.6186902854915,2008.5984717384417,65.6645190301614,70.40048902138676,73.10968066042983,78.85682178320783,96.90894831284514,144.28176576540838,269.2626715804282,594.5087080254115,976.9091947844164,1157.9951491180386,1331.211874320307,1497.1133468696653,1611.1918524839543,1867.6100358741041
tier_family,development,Circuito Desafiante,54,2,0,2026-04-01,2026-05-05,1281.283802398346,1320.3124401607422,1404.104195901668,1496.7642730345974,1603.5207964661167,1657.9874344256814,1746.7883907017044,70.59407903599342,75.55524054957553,77.28077973664332,78.85790618634428,90.94815125274235,106.15985613881045,223.98495456265059,870.2572334285962,1125.5332193837442,1244.0877124568462,1331.023032487235,1450.1747609836602,1503.6460480104138,1604.3423111299599
tier_family,development,LCK CL,53,0,0,2026-04-09,2026-05-11,1323.1196295203385,1380.8654799725657,1465.4348329299764,1542.7330013251194,1593.3848660869216,1599.5928487053764,1725.1558902235952,64.18672990702595,64.42938858674646,65.73224530778812,66.77431043182108,68.64264673389425,76.51442480720677,122.50147541004573,1087.0440451107115,1245.075347388112,1328.6560611602092,1404.9447948527861,1459.955673132735,1468.2342456906524,1588.974594030725
tier_family,development,LRN,45,6,0,2026-03-30,2026-05-04,1172.616388043386,1270.8810255577362,1336.7337620622575,1401.4534771501508,1597.2692128211042,1724.6824962365288,1766.1981157460086,79.62167621603793,83.17906861711074,85.82431982979993,100.67613874111672,120.1844970644291,143.89649134205004,225.86788213617143,777.9058342211147,1015.1245415146356,1124.1282152497317,1186.3606769118865,1387.903219998157,1558.0960391155534,1596.452773252369
tier_family,development,LRS,50,9,0,2026-03-31,2026-05-05,1139.45118625216,1265.450525878632,1298.8367418743844,1466.3310506092234,1564.8728893913449,1648.2802478147091,1681.5296205648383,75.09015216098838,77.18467505084223,79.6450498688827,94.05084030904308,120.52931437020473,218.1430297904196,233.31112876815058,706.3621099803714,841.1617640622492,1061.313686847125,1298.0611197841529,1392.6401826251608,1491.0094797483537,1525.0625467309014
tier_family,development,NACL,60,5,0,2026-04-01,2026-05-08,955.7839244667741,1244.7275475590536,1372.094011212008,1484.8884205318327,1578.8431809454482,1668.0462381545265,1760.418129427318,73.22765013788292,75.82677547360689,78.14984575294947,82.29479023403343,93.11661054384064,111.19677674255263,240.58262707551293,474.61867031574826,993.7847713445119,1152.3415331067456,1303.7057926832263,1406.8286847188324,1514.2521496209695,1593.6519929668684
tier_family,major,LCK,53,0,0,2026-04-23,2026-05-10,1501.7013028179392,1617.5855894779406,1711.5267899112753,1806.8678836442896,1992.8509395568924,2009.3999644292157,2049.3519232206763,64.48946395413815,65.53128255211153,67.00510603436993,68.57286838627414,69.36728861260477,71.32612942885524,87.99016136039792,1354.813408385952,1476.5666234243706,1573.7787569720156,1675.7378301502076,1855.5605556347246,1871.2985132372612,1906.2509943381974
tier_family,major,LCS,41,0,0,2026-05-02,2026-05-10,1503.722767208438,1576.0950060757798,1608.5676087214758,1693.3497416758873,1810.2175778794701,1846.0988848378324,1901.1898446761302,67.45611318295836,68.55153097712076,69.163003234148,70.58736310354317,72.81087952622691,75.01119407947948,92.7981972402299,1348.369822927609,1425.1204495280103,1465.6025115786317,1557.3484578640364,1671.389977544175,1707.362347045269,1760.015118469044
tier_family,major,LEC,50,0,0,2026-04-26,2026-05-10,1638.8485425823321,1682.088869210916,1738.3019317867302,1822.9804850417715,1936.7615459446793,1962.2087159762812,2037.0148350622862,66.62840065744818,66.84562425518718,67.683657464014,68.28487378129873,68.61865664361063,72.09868734024914,77.61117536811743,1497.9489886059769,1542.1147734374715,1598.4140035047487,1687.1307007618145,1803.238768172969,1825.6461737448428,1902.0967546980817
tier_family,major,LPL,75,2,0,2026-04-12,2026-05-10,1371.089405313381,1559.4233634541472,1651.5704027062638,1777.8415927061014,1936.630063478068,1946.3036135548198,2070.6737579529517,64.29815880245393,64.62510013630789,66.10122744906474,71.13397101089458,74.03771783297924,78.54526651759731,243.17418802088991,884.7410292716011,1413.45584903189,1488.729610599752,1592.228862592532,1796.8836572678874,1817.1335236043064,1935.7922052549325
tier_family,minor_top_level,CBLOL,42,0,0,2026-04-19,2026-05-10,1499.4190685125516,1570.6401660809388,1631.7155283062643,1701.0955300879536,1754.8752403148749,1826.1486493754544,1848.2520148715723,66.64486183487625,67.57128959215603,68.06252807980343,69.4198789807049,71.06609086187612,74.87864177767561,80.28023794441317,1347.0723354639608,1431.0534177263391,1481.3708036625108,1563.9521150458222,1621.3355191508858,1689.6594579949026,1692.8648413005849
tier_family,minor_top_level,LCP,42,0,0,2026-04-11,2026-05-10,1425.7886163259363,1569.1497336203615,1628.1968242689584,1728.9574764325007,1761.1448841517458,1887.4190426946275,1949.62170300544,67.70468177912996,67.83610316212588,69.19011210087648,70.02042885214009,73.26692100514538,77.68871790284116,125.60557360538547,1263.3162590418094,1425.6728957043908,1479.6558917025386,1588.137113171726,1618.4423217300614,1745.4480447085796,1762.0555257684382
tier_family,minor_top_level,LJL,45,5,0,2026-03-29,2026-05-06,1197.3357898347845,1259.4981310869332,1331.701389439522,1421.7561932881881,1515.0252738231077,1681.9249714685789,1798.1838817695057,75.25051476338493,80.234276671134,83.88130418555718,98.2197657315856,115.3205372714329,128.42284985213274,222.9118646428706,950.8272218100853,1045.8871520084772,1149.6975212794764,1206.3611471273207,1330.2957128870726,1478.075269155248,1632.3430659663381
tier_family,minor_top_level,PCS,51,25,0,2026-04-27,2026-04-29,1048.6823577473363,1166.1535585131396,1306.8675539269234,1439.9001053653028,1628.1498188237292,1727.1061441763297,1768.5479361621515,73.3822921925732,89.84181676231091,95.32208095279415,159.92028890771948,195.45395873126267,233.40140466564608,252.78359078874257,719.3183480703992,775.4559649273599,863.3496996271269,1150.501638683137,1414.6806527231643,1498.4829613555269,1567.1893299448848
tier_family,minor_top_level,VCS,7,0,0,2026-03-29,2026-03-29,1495.7039044436447,1518.6026787005483,1554.8894434695444,1577.0845516706727,1615.7610440569374,1695.8432475157967,1770.131198372345,78.96607447629174,79.66074151745384,83.23735256212882,89.55402239693225,91.7258474464333,106.42513948912824,128.19896321718753,1311.885390436134,1350.3159837259939,1384.3809311041414,1406.0960963752457,1445.226544183461,1489.663054246812,1513.73327193797
tier_family,regional,Arabian League,45,3,0,2026-04-10,2026-05-08,1274.8708980593854,1359.1683968788634,1409.8199158827722,1480.3107907738683,1623.2732008739713,1694.8247170217032,1794.9748816387291,65.6645190301614,67.35977442439751,68.77885885791385,71.73481542611856,78.15701416039177,93.54423660886754,228.12221507636838,818.6264679066486,1164.9206835196537,1215.0941154805423,1342.6177720552776,1481.3829063753801,1530.3343639414206,1631.0115407917613
tier_family,regional,EBL,52,11,0,2026-04-16,2026-05-07,1041.727804597776,1274.2868607406424,1344.2265968084798,1447.1020864135717,1535.3801393575282,1602.8517754719164,1907.6172276247698,70.87492528322667,73.9905179686447,78.75693811594807,82.76313073285505,128.67102290150657,215.4073253175796,269.2626715804282,670.9224191807828,850.4105623594152,1046.7877753612736,1267.0576448929805,1379.709550259256,1458.9545685474757,1746.7618154209126
tier_family,regional,HLL,49,7,0,2026-03-31,2026-05-07,1087.2128900852385,1207.5626761143797,1289.8131146409874,1442.172852194175,1627.9617079517784,1677.633183343727,1705.6237135131896,70.98251976960861,73.42227492823227,75.62740959992801,81.59743790802149,106.6586528822754,193.6633932777783,234.71876664852942,701.9396388644959,882.5827963170667,1080.8615610489142,1284.8917966000697,1478.6581919416687,1530.9670776859143,1558.284957097459
tier_family,regional,Hitpoint Masters,53,11,0,2026-04-18,2026-05-06,1046.6643536785245,1163.5035921413248,1246.3091691388308,1379.2913840685403,1568.8870167482105,1707.7083952275796,1784.7293411928736,71.82902627117193,74.06146494428947,78.32218770075885,89.1832693828701,124.64543394314823,214.965687763861,240.94538503714787,731.3042616753189,839.5118653442764,991.475644085191,1192.514074142463,1389.6225444750912,1508.2302536164455,1630.6707593940562
tier_family,regional,LES,40,0,0,2026-05-06,2026-05-07,1117.2348401179925,1242.5860251921204,1352.5465841381902,1590.4821168292044,1685.755523172172,1728.6975155941484,1847.4885552110027,68.86050297514923,72.44444522338335,73.91624399949157,76.68540410903628,104.3587357104108,123.07653853615948,151.39210618343276,814.450627751127,1016.4312067395904,1129.0393056844784,1436.6846290664732,1538.842027791376,1586.821137140885,1700.62030225248
tier_family,regional,LFL,58,0,0,2026-04-07,2026-05-07,1447.2993519911956,1571.6866024667347,1602.5119309535328,1687.0272078678113,1829.1214513352484,1898.166650513948,2008.5984717384417,67.30127821315845,68.52384826096723,70.11904588402487,71.47333580928125,74.44747667096031,79.024521207483,192.2331139990325,1101.5247757530944,1400.2346727195327,1455.5826525288023,1544.976442811186,1689.8818185005532,1754.2294442511793,1867.6100358741041
tier_family,regional,LIT,47,6,0,2026-04-02,2026-05-08,981.7295124272874,1102.165716800036,1207.8970923010656,1356.7560688839565,1445.5133751848005,1690.890944924945,1727.5826275168495,70.32555599386087,73.27760278970077,75.03384125406323,87.67728289854597,118.61999790407879,146.60196906229174,254.48572356033634,594.5087080254115,808.6625566645337,1018.5794440620026,1187.2784718180574,1279.1933082359253,1504.5743832508088,1577.3585963587768
tier_family,regional,LPLOL,43,8,0,2026-04-30,2026-05-28,1228.4109132322283,1293.0824415999243,1366.2575830194967,1431.593662588632,1505.600619065176,1574.7775048475,1832.8615005071608,72.99224580475186,82.2950302424633,90.82608060970094,100.73251334181273,128.42251565746332,190.6008871724266,212.00766060470053,938.1788086309307,1039.1655989805818,1102.216638974406,1207.5499017732764,1311.1983560856934,1408.7717150478713,1487.147330911947
tier_family,regional,Prime League,52,0,0,2026-04-03,2026-05-07,1024.0378368472054,1385.1807519999106,1534.375196451589,1672.1948765888405,1766.8962749609236,1832.5628056712492,1881.6409814990766,67.61115541836905,68.05636316497763,69.0133856231673,72.49348038675963,79.89965466677893,92.47755931051695,133.47743230677733,757.0829722336507,1224.8506610130285,1383.4034358341034,1515.8385207891356,1617.6021523579993,1690.3302132192741,1742.9136956163757
tier_family,regional,Rift Legends,44,0,0,2026-04-08,2026-05-07,1014.7642853222815,1332.6385895932315,1370.576007017918,1450.1591125409593,1630.6582851563494,1678.9035672673226,1739.9673187731103,71.10633141626242,71.98314962917405,72.30238980401857,79.1121250200389,91.3890191270072,111.13267261946864,144.13819259253813,741.3306692790984,1103.547967803539,1177.7511621644921,1299.3749938237058,1486.7709638832323,1534.21560010632,1595.4096036010724
tier_family,regional,Road of Legends,47,4,0,2026-03-31,2026-05-07,1031.4621524299105,1319.663600267449,1371.0733361615655,1439.193270567615,1563.1677812078756,1747.011813625728,1832.9366581342138,71.47864763256914,73.8033316536901,75.19338074307471,77.8559942048276,91.70382547976894,126.34700445165026,214.96746289314288,736.1176058908045,1137.1620523352865,1190.4197146373485,1251.8704756527343,1386.9150997106178,1497.461580531064,1672.1310501581454
tier_family,regional,TCL,43,1,0,2026-04-16,2026-05-07,1201.5416755051056,1238.6889151008495,1455.2093910158312,1529.9463171575273,1653.8152545841558,1790.1309652584946,1993.7116919532566,70.80221302783454,71.60447261802864,72.80849918575234,74.86126437314384,83.49369521805119,131.89478020061074,144.38458389634653,912.7725077124126,1005.7406628482229,1269.5764299395742,1383.575414324956,1510.1361204751233,1642.9576462561847,1842.441723837972
